rowid,orderid,orderdate,shipdate,shipmode,customerid,segment,postalcode,productid,sales,quantity,discount,profit
1,CA-2016-152156,11/8/2016,11/11/2016,Second Class,CG-12520,Consumer,42420,FUR-BO-10001798,261.96,2,0,41.9136
2,CA-2016-152156,11/8/2016,11/11/2016,Second Class,CG-12520,Consumer,42420,FUR-CH-10000454,731.94,3,0,219.582
3,CA-2016-138688,6/12/2016,6/16/2016,Second Class,DV-13045,Corporate,90036,OFF-LA-10000240,14.62,2,0,6.8714
4,US-2015-108966,10/11/2015,10/18/2015,Standard Class,SO-20335,Consumer,33311,FUR-TA-10000577,957.5775,5,0.45,-383.031
5,US-2015-108966,10/11/2015,10/18/2015,Standard Class,SO-20335,Consumer,33311,OFF-ST-10000760,22.368,2,0.2,2.5164
6,CA-2014-115812,6/9/2014,6/14/2014,Standard Class,BH-11710,Consumer,90032,FUR-FU-10001487,48.86,7,0,14.1694
7,CA-2014-115812,6/9/2014,6/14/2014,Standard Class,BH-11710,Consumer,90032,OFF-AR-10002833,7.28,4,0,1.9656
8,CA-2014-115812,6/9/2014,6/14/2014,Standard Class,BH-11710,Consumer,90032,TEC-PH-10002275,907.152,6,0.2,90.7152
9,CA-2014-115812,6/9/2014,6/14/2014,Standard Class,BH-11710,Consumer,90032,OFF-BI-10003910,18.504,3,0.2,5.7825
10,CA-2014-115812,6/9/2014,6/14/2014,Standard Class,BH-11710,Consumer,90032,OFF-AP-10002892,114.9,5,0,34.47
11,CA-2014-115812,6/9/2014,6/14/2014,Standard Class,BH-11710,Consumer,90032,FUR-TA-10001539,1706.184,9,0.2,85.3092
12,CA-2014-115812,6/9/2014,6/14/2014,Standard Class,BH-11710,Consumer,90032,TEC-PH-10002033,911.424,4,0.2,68.3568
13,CA-2017-114412,4/15/2017,4/20/2017,Standard Class,AA-10480,Consumer,28027,OFF-PA-10002365,15.552,3,0.2,5.4432
14,CA-2016-161389,12/5/2016,12/10/2016,Standard Class,IM-15070,Consumer,98103,OFF-BI-10003656,407.976,3,0.2,132.5922
15,US-2015-118983,11/22/2015,11/26/2015,Standard Class,HP-14815,Home Office,76106,OFF-AP-10002311,68.81,5,0.8,-123.858
16,US-2015-118983,11/22/2015,11/26/2015,Standard Class,HP-14815,Home Office,76106,OFF-BI-10000756,2.544,3,0.8,-3.816
17,CA-2014-105893,11/11/2014,11/18/2014,Standard Class,PK-19075,Consumer,53711,OFF-ST-10004186,665.88,6,0,13.3176
18,CA-2014-167164,5/13/2014,5/15/2014,Second Class,AG-10270,Consumer,84084,OFF-ST-10000107,55.5,2,0,9.99
19,CA-2014-143336,8/27/2014,9/1/2014,Second Class,ZD-21925,Consumer,94109,OFF-AR-10003056,8.56,2,0,2.4824
20,CA-2014-143336,8/27/2014,9/1/2014,Second Class,ZD-21925,Consumer,94109,TEC-PH-10001949,213.48,3,0.2,16.011
21,CA-2014-143336,8/27/2014,9/1/2014,Second Class,ZD-21925,Consumer,94109,OFF-BI-10002215,22.72,4,0.2,7.384
22,CA-2016-137330,12/9/2016,12/13/2016,Standard Class,KB-16585,Corporate,68025,OFF-AR-10000246,19.46,7,0,5.0596
23,CA-2016-137330,12/9/2016,12/13/2016,Standard Class,KB-16585,Corporate,68025,OFF-AP-10001492,60.34,7,0,15.6884
24,US-2017-156909,7/16/2017,7/18/2017,Second Class,SF-20065,Consumer,19140,FUR-CH-10002774,71.372,2,0.3,-1.0196
25,CA-2015-106320,9/25/2015,9/30/2015,Standard Class,EB-13870,Consumer,84057,FUR-TA-10000577,1044.63,3,0,240.2649
26,CA-2016-121755,1/16/2016,1/20/2016,Second Class,EH-13945,Consumer,90049,OFF-BI-10001634,11.648,2,0.2,4.2224
27,CA-2016-121755,1/16/2016,1/20/2016,Second Class,EH-13945,Consumer,90049,TEC-AC-10003027,90.57,3,0,11.7741
28,US-2015-150630,9/17/2015,9/21/2015,Standard Class,TB-21520,Consumer,19140,FUR-BO-10004834,3083.43,7,0.5,-1665.0522
29,US-2015-150630,9/17/2015,9/21/2015,Standard Class,TB-21520,Consumer,19140,OFF-BI-10000474,9.618,2,0.7,-7.0532
30,US-2015-150630,9/17/2015,9/21/2015,Standard Class,TB-21520,Consumer,19140,FUR-FU-10004848,124.2,3,0.2,15.525
31,US-2015-150630,9/17/2015,9/21/2015,Standard Class,TB-21520,Consumer,19140,OFF-EN-10001509,3.264,2,0.2,1.1016
32,US-2015-150630,9/17/2015,9/21/2015,Standard Class,TB-21520,Consumer,19140,OFF-AR-10004042,86.304,6,0.2,9.7092
33,US-2015-150630,9/17/2015,9/21/2015,Standard Class,TB-21520,Consumer,19140,OFF-BI-10001525,6.858,6,0.7,-5.715
34,US-2015-150630,9/17/2015,9/21/2015,Standard Class,TB-21520,Consumer,19140,OFF-AR-10001683,15.76,2,0.2,3.546
35,CA-2017-107727,10/19/2017,10/23/2017,Second Class,MA-17560,Home Office,77095,OFF-PA-10000249,29.472,3,0.2,9.9468
36,CA-2016-117590,12/8/2016,12/10/2016,First Class,GH-14485,Corporate,75080,TEC-PH-10004977,1097.544,7,0.2,123.4737
37,CA-2016-117590,12/8/2016,12/10/2016,First Class,GH-14485,Corporate,75080,FUR-FU-10003664,190.92,5,0.6,-147.963
38,CA-2015-117415,12/27/2015,12/31/2015,Standard Class,SN-20710,Home Office,77041,OFF-EN-10002986,113.328,9,0.2,35.415
39,CA-2015-117415,12/27/2015,12/31/2015,Standard Class,SN-20710,Home Office,77041,FUR-BO-10002545,532.3992,3,0.32,-46.9764
40,CA-2015-117415,12/27/2015,12/31/2015,Standard Class,SN-20710,Home Office,77041,FUR-CH-10004218,212.058,3,0.3,-15.147
41,CA-2015-117415,12/27/2015,12/31/2015,Standard Class,SN-20710,Home Office,77041,TEC-PH-10000486,371.168,4,0.2,41.7564
42,CA-2017-120999,9/10/2017,9/15/2017,Standard Class,LC-16930,Corporate,60540,TEC-PH-10004093,147.168,4,0.2,16.5564
43,CA-2016-101343,7/17/2016,7/22/2016,Standard Class,RA-19885,Corporate,90049,OFF-ST-10003479,77.88,2,0,3.894
44,CA-2017-139619,9/19/2017,9/23/2017,Standard Class,ES-14080,Corporate,32935,OFF-ST-10003282,95.616,2,0.2,9.5616
45,CA-2016-118255,3/11/2016,3/13/2016,First Class,ON-18715,Corporate,55122,TEC-AC-10000171,45.98,2,0,19.7714
46,CA-2016-118255,3/11/2016,3/13/2016,First Class,ON-18715,Corporate,55122,OFF-BI-10003291,17.46,2,0,8.2062
47,CA-2014-146703,10/20/2014,10/25/2014,Second Class,PO-18865,Consumer,48185,OFF-ST-10001713,211.96,4,0,8.4784
48,CA-2016-169194,6/20/2016,6/25/2016,Standard Class,LH-16900,Consumer,19901,TEC-AC-10002167,45,3,0,4.95
49,CA-2016-169194,6/20/2016,6/25/2016,Standard Class,LH-16900,Consumer,19901,TEC-PH-10003988,21.8,2,0,6.104
50,CA-2015-115742,4/18/2015,4/22/2015,Standard Class,DP-13000,Consumer,47150,OFF-BI-10004410,38.22,6,0,17.9634
51,CA-2015-115742,4/18/2015,4/22/2015,Standard Class,DP-13000,Consumer,47150,OFF-LA-10002762,75.18,6,0,35.3346
52,CA-2015-115742,4/18/2015,4/22/2015,Standard Class,DP-13000,Consumer,47150,FUR-FU-10001706,6.16,2,0,2.9568
53,CA-2015-115742,4/18/2015,4/22/2015,Standard Class,DP-13000,Consumer,47150,FUR-CH-10003061,89.99,1,0,17.0981
54,CA-2016-105816,12/11/2016,12/17/2016,Standard Class,JM-15265,Corporate,10024,OFF-FA-10000304,15.26,7,0,6.2566
55,CA-2016-105816,12/11/2016,12/17/2016,Standard Class,JM-15265,Corporate,10024,TEC-PH-10002447,1029.95,5,0,298.6855
56,CA-2016-111682,6/17/2016,6/18/2016,First Class,TB-21055,Consumer,12180,OFF-ST-10000604,208.56,6,0,52.14
57,CA-2016-111682,6/17/2016,6/18/2016,First Class,TB-21055,Consumer,12180,OFF-PA-10001569,32.4,5,0,15.552
58,CA-2016-111682,6/17/2016,6/18/2016,First Class,TB-21055,Consumer,12180,FUR-CH-10003968,319.41,5,0.1,7.098
59,CA-2016-111682,6/17/2016,6/18/2016,First Class,TB-21055,Consumer,12180,OFF-PA-10000587,14.56,2,0,6.9888
60,CA-2016-111682,6/17/2016,6/18/2016,First Class,TB-21055,Consumer,12180,TEC-AC-10002167,30,2,0,3.3
61,CA-2016-111682,6/17/2016,6/18/2016,First Class,TB-21055,Consumer,12180,OFF-BI-10001460,48.48,4,0.2,16.362
62,CA-2016-111682,6/17/2016,6/18/2016,First Class,TB-21055,Consumer,12180,OFF-AR-10001868,1.68,1,0,0.84
63,CA-2015-135545,11/24/2015,11/30/2015,Standard Class,KM-16720,Consumer,90004,TEC-AC-10004633,13.98,2,0,6.1512
64,CA-2015-135545,11/24/2015,11/30/2015,Standard Class,KM-16720,Consumer,90004,OFF-BI-10001078,25.824,6,0.2,9.3612
65,CA-2015-135545,11/24/2015,11/30/2015,Standard Class,KM-16720,Consumer,90004,OFF-PA-10003892,146.73,3,0,68.9631
66,CA-2015-135545,11/24/2015,11/30/2015,Standard Class,KM-16720,Consumer,90004,FUR-FU-10000397,79.76,4,0,22.3328
67,US-2015-164175,4/30/2015,5/5/2015,Standard Class,PS-18970,Home Office,60610,FUR-CH-10001146,213.115,5,0.3,-15.2225
68,CA-2014-106376,12/5/2014,12/10/2014,Standard Class,BS-11590,Corporate,85234,OFF-AR-10002671,1113.024,8,0.2,111.3024
69,CA-2014-106376,12/5/2014,12/10/2014,Standard Class,BS-11590,Corporate,85234,TEC-PH-10002726,167.968,4,0.2,62.988
70,CA-2016-119823,6/4/2016,6/6/2016,First Class,KD-16270,Consumer,22153,OFF-PA-10000482,75.88,2,0,35.6636
71,CA-2016-106075,9/18/2016,9/23/2016,Standard Class,HM-14980,Consumer,10009,OFF-BI-10004654,4.616,1,0.2,1.731
72,CA-2017-114440,9/14/2017,9/17/2017,Second Class,TB-21520,Consumer,49201,OFF-PA-10004675,19.05,3,0,8.763
73,US-2015-134026,4/26/2015,5/2/2015,Standard Class,JE-15745,Consumer,38109,FUR-CH-10000513,831.936,8,0.2,-114.3912
74,US-2015-134026,4/26/2015,5/2/2015,Standard Class,JE-15745,Consumer,38109,FUR-FU-10003708,97.04,2,0.2,1.213
75,US-2015-134026,4/26/2015,5/2/2015,Standard Class,JE-15745,Consumer,38109,OFF-ST-10004123,72.784,1,0.2,-18.196
76,US-2017-118038,12/9/2017,12/11/2017,First Class,KB-16600,Corporate,77041,OFF-BI-10004182,1.248,3,0.8,-1.9344
77,US-2017-118038,12/9/2017,12/11/2017,First Class,KB-16600,Corporate,77041,FUR-FU-10000260,9.708,3,0.6,-5.8248
78,US-2017-118038,12/9/2017,12/11/2017,First Class,KB-16600,Corporate,77041,OFF-ST-10000615,27.24,3,0.2,2.724
79,US-2014-147606,11/26/2014,12/1/2014,Second Class,JE-15745,Consumer,77070,FUR-FU-10003194,19.3,5,0.6,-14.475
80,CA-2016-127208,6/12/2016,6/15/2016,First Class,SC-20770,Corporate,35601,OFF-AP-10002118,208.16,1,0,56.2032
81,CA-2016-127208,6/12/2016,6/15/2016,First Class,SC-20770,Corporate,35601,OFF-BI-10002309,16.74,3,0,8.0352
82,CA-2014-139451,10/12/2014,10/16/2014,Standard Class,DN-13690,Consumer,94122,OFF-AR-10002053,14.9,5,0,4.172
83,CA-2014-139451,10/12/2014,10/16/2014,Standard Class,DN-13690,Consumer,94122,OFF-ST-10002370,21.39,1,0,6.2031
84,CA-2015-149734,9/3/2015,9/8/2015,Standard Class,JC-16105,Corporate,27707,OFF-EN-10000927,200.984,7,0.2,62.8075
85,US-2017-119662,11/13/2017,11/16/2017,First Class,CS-12400,Home Office,60623,OFF-ST-10003656,230.376,3,0.2,-48.9549
86,CA-2017-140088,5/28/2017,5/30/2017,Second Class,PO-18865,Consumer,29203,FUR-CH-10000863,301.96,2,0,33.2156
87,CA-2017-155558,10/26/2017,11/2/2017,Standard Class,PG-18895,Consumer,55901,TEC-AC-10001998,19.99,1,0,6.7966
88,CA-2017-155558,10/26/2017,11/2/2017,Standard Class,PG-18895,Consumer,55901,OFF-LA-10000134,6.16,2,0,2.9568
89,CA-2016-159695,4/5/2016,4/10/2016,Second Class,GM-14455,Home Office,77095,OFF-ST-10003442,158.368,7,0.2,13.8572
90,CA-2016-109806,9/17/2016,9/22/2016,Standard Class,JS-15685,Corporate,90036,OFF-AR-10004930,20.1,3,0,6.633
91,CA-2016-109806,9/17/2016,9/22/2016,Standard Class,JS-15685,Corporate,90036,TEC-PH-10004093,73.584,2,0.2,8.2782
92,CA-2016-109806,9/17/2016,9/22/2016,Standard Class,JS-15685,Corporate,90036,OFF-PA-10000304,6.48,1,0,3.1104
93,CA-2015-149587,1/31/2015,2/5/2015,Second Class,KB-16315,Consumer,55407,OFF-PA-10003177,12.96,2,0,6.2208
94,CA-2015-149587,1/31/2015,2/5/2015,Second Class,KB-16315,Consumer,55407,FUR-FU-10003799,53.34,3,0,16.5354
95,CA-2015-149587,1/31/2015,2/5/2015,Second Class,KB-16315,Consumer,55407,OFF-BI-10002852,32.96,2,0,16.1504
96,US-2017-109484,11/6/2017,11/12/2017,Standard Class,RB-19705,Home Office,97206,OFF-BI-10004738,5.682,1,0.7,-3.788
97,CA-2017-161018,11/9/2017,11/11/2017,Second Class,PN-18775,Home Office,10009,FUR-FU-10000629,96.53,7,0,40.5426
98,CA-2017-157833,6/17/2017,6/20/2017,First Class,KD-16345,Consumer,94122,OFF-BI-10001721,51.312,3,0.2,17.9592
99,CA-2016-149223,9/6/2016,9/11/2016,Standard Class,ER-13855,Corporate,55106,OFF-AP-10000358,77.88,6,0,22.5852
100,CA-2016-158568,8/29/2016,9/2/2016,Standard Class,RB-19465,Home Office,60610,OFF-PA-10003256,64.624,7,0.2,22.6184
101,CA-2016-158568,8/29/2016,9/2/2016,Standard Class,RB-19465,Home Office,60610,TEC-AC-10001767,95.976,3,0.2,-10.7973
102,CA-2016-158568,8/29/2016,9/2/2016,Standard Class,RB-19465,Home Office,60610,OFF-BI-10002609,1.788,3,0.8,-3.0396
103,CA-2016-129903,12/1/2016,12/4/2016,Second Class,GZ-14470,Consumer,55901,OFF-PA-10004040,23.92,4,0,11.7208
104,US-2015-156867,11/13/2015,11/17/2015,Standard Class,LC-16870,Consumer,80013,TEC-AC-10001552,238.896,6,0.2,-26.8758
105,US-2015-156867,11/13/2015,11/17/2015,Standard Class,LC-16870,Consumer,80013,FUR-FU-10004006,102.36,3,0.2,-3.8385
106,US-2015-156867,11/13/2015,11/17/2015,Standard Class,LC-16870,Consumer,80013,OFF-BI-10002794,36.882,3,0.7,-25.8174
107,CA-2017-119004,11/23/2017,11/28/2017,Standard Class,JM-15250,Consumer,28205,TEC-AC-10003499,74.112,8,0.2,17.6016
108,CA-2017-119004,11/23/2017,11/28/2017,Standard Class,JM-15250,Consumer,28205,TEC-PH-10002844,27.992,1,0.2,2.0994
109,CA-2017-119004,11/23/2017,11/28/2017,Standard Class,JM-15250,Consumer,28205,OFF-AR-10000390,3.304,1,0.2,1.0738
110,CA-2015-129476,10/15/2015,10/20/2015,Standard Class,PA-19060,Home Office,60462,TEC-AC-10000844,339.96,5,0.2,67.992
111,CA-2017-146780,12/25/2017,12/30/2017,Standard Class,CV-12805,Corporate,10035,FUR-FU-10001934,41.96,2,0,10.9096
112,CA-2016-128867,11/3/2016,11/10/2016,Standard Class,CL-12565,Consumer,50322,OFF-AR-10000380,75.96,2,0,22.788
113,CA-2016-128867,11/3/2016,11/10/2016,Standard Class,CL-12565,Consumer,50322,OFF-BI-10003981,27.24,6,0,13.3476
114,CA-2014-115259,8/25/2014,8/27/2014,Second Class,RC-19960,Consumer,43229,OFF-FA-10000621,40.096,14,0.2,14.5348
115,CA-2014-115259,8/25/2014,8/27/2014,Second Class,RC-19960,Consumer,43229,OFF-EN-10002600,4.72,2,0.2,1.652
116,CA-2014-115259,8/25/2014,8/27/2014,Second Class,RC-19960,Consumer,43229,OFF-PA-10004965,23.976,3,0.2,7.4925
117,CA-2014-115259,8/25/2014,8/27/2014,Second Class,RC-19960,Consumer,43229,OFF-EN-10002504,130.464,6,0.2,44.0316
118,CA-2015-110457,3/2/2015,3/6/2015,Standard Class,DK-13090,Consumer,98103,FUR-TA-10001768,787.53,3,0,165.3813
119,US-2015-136476,4/5/2015,4/10/2015,Standard Class,GG-14650,Corporate,37620,OFF-BI-10003650,157.794,1,0.7,-115.7156
120,CA-2016-103730,6/12/2016,6/15/2016,First Class,SC-20725,Consumer,19805,FUR-FU-10002157,47.04,3,0,18.3456
121,CA-2016-103730,6/12/2016,6/15/2016,First Class,SC-20725,Consumer,19805,OFF-BI-10003910,30.84,4,0,13.878
122,CA-2016-103730,6/12/2016,6/15/2016,First Class,SC-20725,Consumer,19805,OFF-ST-10000777,226.56,6,0,63.4368
123,CA-2016-103730,6/12/2016,6/15/2016,First Class,SC-20725,Consumer,19805,OFF-EN-10002500,115.02,9,0,51.759
124,CA-2016-103730,6/12/2016,6/15/2016,First Class,SC-20725,Consumer,19805,TEC-PH-10003875,68.04,7,0,19.7316
125,US-2014-152030,12/26/2014,12/28/2014,Second Class,AD-10180,Home Office,77041,FUR-CH-10004063,600.558,3,0.3,-8.5794
126,US-2014-134614,9/20/2014,9/25/2014,Standard Class,PF-19165,Consumer,61701,FUR-TA-10004534,617.7,6,0.5,-407.682
127,US-2017-107272,11/5/2017,11/12/2017,Standard Class,TS-21610,Consumer,85023,OFF-BI-10003274,2.388,2,0.7,-1.8308
128,US-2017-107272,11/5/2017,11/12/2017,Standard Class,TS-21610,Consumer,85023,OFF-ST-10002974,243.992,7,0.2,30.499
129,US-2016-125969,11/6/2016,11/10/2016,Second Class,LS-16975,Home Office,90004,FUR-CH-10001146,81.424,2,0.2,-9.1602
130,US-2016-125969,11/6/2016,11/10/2016,Second Class,LS-16975,Home Office,90004,FUR-FU-10003773,238.56,3,0,26.2416
131,US-2017-164147,2/2/2017,2/5/2017,First Class,DW-13585,Corporate,43229,TEC-PH-10002293,59.97,5,0.4,-11.994
132,US-2017-164147,2/2/2017,2/5/2017,First Class,DW-13585,Corporate,43229,OFF-PA-10002377,78.304,2,0.2,29.364
133,US-2017-164147,2/2/2017,2/5/2017,First Class,DW-13585,Corporate,43229,OFF-FA-10002780,21.456,9,0.2,6.9732
134,CA-2016-145583,10/13/2016,10/19/2016,Standard Class,LC-16885,Consumer,95661,OFF-PA-10001804,20.04,3,0,9.6192
135,CA-2016-145583,10/13/2016,10/19/2016,Standard Class,LC-16885,Consumer,95661,OFF-PA-10001736,35.44,1,0,16.6568
136,CA-2016-145583,10/13/2016,10/19/2016,Standard Class,LC-16885,Consumer,95661,OFF-AR-10001149,11.52,4,0,3.456
137,CA-2016-145583,10/13/2016,10/19/2016,Standard Class,LC-16885,Consumer,95661,OFF-FA-10002988,4.02,2,0,1.9698
138,CA-2016-145583,10/13/2016,10/19/2016,Standard Class,LC-16885,Consumer,95661,OFF-BI-10004781,76.176,3,0.2,26.6616
139,CA-2016-145583,10/13/2016,10/19/2016,Standard Class,LC-16885,Consumer,95661,OFF-SU-10001218,65.88,6,0,18.4464
140,CA-2016-145583,10/13/2016,10/19/2016,Standard Class,LC-16885,Consumer,95661,FUR-FU-10001706,43.12,14,0,20.6976
141,CA-2016-110366,9/5/2016,9/7/2016,Second Class,JD-15895,Corporate,19140,FUR-FU-10004848,82.8,2,0.2,10.35
142,CA-2017-106180,9/18/2017,9/23/2017,Standard Class,SH-19975,Corporate,94122,OFF-AR-10000940,8.82,3,0,2.3814
143,CA-2017-106180,9/18/2017,9/23/2017,Standard Class,SH-19975,Corporate,94122,OFF-EN-10004030,10.86,3,0,5.1042
144,CA-2017-106180,9/18/2017,9/23/2017,Standard Class,SH-19975,Corporate,94122,OFF-PA-10004327,143.7,3,0,68.976
145,CA-2017-155376,12/22/2017,12/27/2017,Standard Class,SG-20080,Consumer,64055,OFF-AP-10001058,839.43,3,0,218.2518
146,CA-2015-110744,9/7/2015,9/12/2015,Standard Class,HA-14920,Consumer,91104,OFF-ST-10003656,671.93,7,0,20.1579
147,CA-2014-110072,10/22/2014,10/28/2014,Standard Class,MG-17680,Home Office,43055,FUR-FU-10000521,93.888,4,0.2,12.9096
148,CA-2016-114489,12/5/2016,12/9/2016,Standard Class,JE-16165,Corporate,53132,TEC-PH-10000215,384.45,11,0,103.8015
149,CA-2016-114489,12/5/2016,12/9/2016,Standard Class,JE-16165,Corporate,53132,TEC-PH-10001448,149.97,3,0,5.9988
150,CA-2016-114489,12/5/2016,12/9/2016,Standard Class,JE-16165,Corporate,53132,FUR-CH-10000454,1951.84,8,0,585.552
151,CA-2016-114489,12/5/2016,12/9/2016,Standard Class,JE-16165,Corporate,53132,OFF-BI-10002735,171.55,5,0,80.6285
152,CA-2016-158834,3/13/2016,3/16/2016,First Class,TW-21025,Home Office,85254,OFF-AP-10000326,157.92,5,0.2,17.766
153,CA-2016-158834,3/13/2016,3/16/2016,First Class,TW-21025,Home Office,85254,TEC-PH-10001254,203.184,2,0.2,15.2388
154,CA-2015-124919,5/31/2015,6/2/2015,First Class,SP-20650,Corporate,95123,OFF-PA-10001950,58.38,7,0,26.271
155,CA-2015-124919,5/31/2015,6/2/2015,First Class,SP-20650,Corporate,95123,OFF-PA-10002254,105.52,4,0,48.5392
156,CA-2015-124919,5/31/2015,6/2/2015,First Class,SP-20650,Corporate,95123,OFF-ST-10001590,80.88,6,0,21.0288
157,CA-2015-118948,5/28/2015,6/3/2015,Standard Class,NK-18490,Home Office,98105,OFF-AR-10001547,6.63,3,0,1.7901
158,CA-2014-104269,3/1/2014,3/6/2014,Second Class,DB-13060,Consumer,98115,FUR-CH-10004063,457.568,2,0.2,51.4764
159,CA-2016-114104,11/20/2016,11/24/2016,Standard Class,NP-18670,Consumer,73034,OFF-LA-10002475,14.62,2,0,6.8714
160,CA-2016-114104,11/20/2016,11/24/2016,Standard Class,NP-18670,Consumer,73034,TEC-PH-10004536,944.93,7,0,236.2325
161,CA-2016-162733,5/11/2016,5/12/2016,First Class,TT-21070,Consumer,90045,OFF-PA-10002751,5.98,1,0,2.691
162,CA-2015-119697,12/28/2015,12/31/2015,Second Class,EM-13960,Consumer,19134,TEC-AC-10003657,54.384,2,0.2,1.3596
163,CA-2016-154508,11/16/2016,11/20/2016,Standard Class,RD-19900,Consumer,88220,OFF-EN-10001990,28.4,5,0,13.348
164,CA-2016-113817,11/7/2016,11/11/2016,Standard Class,MJ-17740,Consumer,98115,OFF-BI-10004002,27.68,2,0.2,9.688
165,CA-2014-139892,9/8/2014,9/12/2014,Standard Class,BM-11140,Consumer,78207,OFF-AR-10004441,9.936,3,0.2,2.7324
166,CA-2014-139892,9/8/2014,9/12/2014,Standard Class,BM-11140,Consumer,78207,TEC-MA-10000822,8159.952,8,0.4,-1359.992
167,CA-2014-139892,9/8/2014,9/12/2014,Standard Class,BM-11140,Consumer,78207,OFF-ST-10000991,275.928,3,0.2,-58.6347
168,CA-2014-139892,9/8/2014,9/12/2014,Standard Class,BM-11140,Consumer,78207,FUR-CH-10004287,1740.06,9,0.3,-24.858
169,CA-2014-139892,9/8/2014,9/12/2014,Standard Class,BM-11140,Consumer,78207,OFF-AR-10002656,32.064,6,0.2,6.8136
170,CA-2014-139892,9/8/2014,9/12/2014,Standard Class,BM-11140,Consumer,78207,OFF-AP-10002518,177.98,5,0.8,-453.849
171,CA-2014-139892,9/8/2014,9/12/2014,Standard Class,BM-11140,Consumer,78207,TEC-PH-10003931,143.976,3,0.2,8.9985
172,CA-2014-118962,8/5/2014,8/9/2014,Standard Class,CS-12130,Consumer,90004,OFF-PA-10000659,20.94,3,0,9.8418
173,CA-2014-118962,8/5/2014,8/9/2014,Standard Class,CS-12130,Consumer,90004,OFF-PA-10001144,110.96,2,0,53.2608
174,CA-2014-118962,8/5/2014,8/9/2014,Standard Class,CS-12130,Consumer,90004,FUR-CH-10003817,340.144,7,0.2,21.259
175,US-2014-100853,9/14/2014,9/19/2014,Standard Class,JB-15400,Corporate,60623,OFF-AP-10000891,52.448,2,0.8,-131.12
176,US-2014-100853,9/14/2014,9/19/2014,Standard Class,JB-15400,Corporate,60623,OFF-LA-10003148,20.16,4,0.2,6.552
177,US-2017-152366,4/21/2017,4/25/2017,Second Class,SJ-20500,Consumer,77036,OFF-AP-10002684,97.264,4,0.8,-243.16
178,US-2015-101511,11/21/2015,11/23/2015,Second Class,JE-15745,Consumer,43055,FUR-CH-10004698,396.802,7,0.3,-11.3372
179,US-2015-101511,11/21/2015,11/23/2015,Second Class,JE-15745,Consumer,43055,OFF-SU-10002189,15.88,5,0.2,-3.7715
180,CA-2015-137225,12/15/2015,12/19/2015,Standard Class,JK-15640,Home Office,10009,OFF-AR-10001940,3.28,1,0,1.4104
181,CA-2014-166191,12/5/2014,12/9/2014,Second Class,DK-13150,Corporate,62521,OFF-ST-10003455,24.816,2,0.2,1.8612
182,CA-2014-166191,12/5/2014,12/9/2014,Second Class,DK-13150,Corporate,62521,TEC-AC-10004659,408.744,7,0.2,76.6395
183,CA-2014-158274,11/19/2014,11/24/2014,Second Class,RM-19675,Home Office,71203,TEC-PH-10003273,503.96,4,0,131.0296
184,CA-2014-158274,11/19/2014,11/24/2014,Second Class,RM-19675,Home Office,71203,TEC-PH-10004896,149.95,5,0,41.986
185,CA-2014-158274,11/19/2014,11/24/2014,Second Class,RM-19675,Home Office,71203,TEC-AC-10002345,29,2,0,7.25
186,CA-2016-105018,11/28/2016,12/2/2016,Standard Class,SK-19990,Consumer,6824,OFF-BI-10001890,7.16,2,0,3.4368
187,CA-2014-123260,8/26/2014,8/30/2014,Standard Class,FM-14290,Home Office,90032,TEC-AC-10002323,176.8,8,0,22.984
188,CA-2016-157000,7/16/2016,7/22/2016,Standard Class,AM-10360,Corporate,75051,OFF-ST-10001328,37.224,3,0.2,3.7224
189,CA-2016-157000,7/16/2016,7/22/2016,Standard Class,AM-10360,Corporate,75051,OFF-PA-10001950,20.016,3,0.2,6.255
190,CA-2015-102281,10/12/2015,10/14/2015,First Class,MP-17470,Home Office,10035,FUR-BO-10002613,899.136,4,0.2,112.392
191,CA-2015-102281,10/12/2015,10/14/2015,First Class,MP-17470,Home Office,10035,TEC-PH-10001552,71.76,6,0,20.0928
192,CA-2015-102281,10/12/2015,10/14/2015,First Class,MP-17470,Home Office,10035,OFF-PA-10000061,51.84,8,0,24.8832
193,CA-2015-102281,10/12/2015,10/14/2015,First Class,MP-17470,Home Office,10035,FUR-BO-10002545,626.352,3,0.2,46.9764
194,CA-2015-102281,10/12/2015,10/14/2015,First Class,MP-17470,Home Office,10035,OFF-AR-10003514,19.9,5,0,6.567
195,CA-2015-131457,10/31/2015,11/6/2015,Standard Class,MZ-17515,Corporate,92374,OFF-EN-10001509,14.28,7,0,6.7116
196,CA-2014-140004,3/21/2014,3/25/2014,Standard Class,CB-12025,Consumer,45011,OFF-AR-10004685,7.408,2,0.2,1.2038
197,CA-2014-140004,3/21/2014,3/25/2014,Standard Class,CB-12025,Consumer,45011,OFF-AR-10004027,6.048,3,0.2,1.5876
198,CA-2017-107720,11/6/2017,11/13/2017,Standard Class,VM-21685,Home Office,7090,OFF-ST-10001414,46.26,3,0,12.0276
199,US-2017-124303,7/6/2017,7/13/2017,Standard Class,FH-14365,Corporate,19120,OFF-BI-10000343,2.946,2,0.7,-2.2586
200,US-2017-124303,7/6/2017,7/13/2017,Standard Class,FH-14365,Corporate,19120,OFF-PA-10002749,16.056,3,0.2,5.8203
201,CA-2017-105074,6/24/2017,6/29/2017,Standard Class,MB-17305,Consumer,44312,OFF-PA-10002666,21.744,3,0.2,6.795
202,CA-2014-133690,8/3/2014,8/5/2014,First Class,BS-11755,Consumer,80219,FUR-TA-10004289,218.75,2,0.5,-161.875
203,CA-2014-133690,8/3/2014,8/5/2014,First Class,BS-11755,Consumer,80219,OFF-AP-10003622,2.6,1,0.2,0.2925
204,US-2017-116701,12/17/2017,12/21/2017,Second Class,LC-17140,Consumer,75220,OFF-AP-10003217,66.284,2,0.8,-178.9668
205,CA-2017-126382,6/3/2017,6/7/2017,Standard Class,HK-14890,Corporate,37064,FUR-FU-10002960,35.168,7,0.2,9.6712
206,CA-2017-108329,12/9/2017,12/14/2017,Standard Class,LE-16810,Consumer,90604,TEC-PH-10001918,444.768,4,0.2,44.4768
207,CA-2017-135860,12/1/2017,12/7/2017,Standard Class,JH-15985,Consumer,48601,OFF-ST-10000642,83.92,4,0,5.8744
208,CA-2017-135860,12/1/2017,12/7/2017,Standard Class,JH-15985,Consumer,48601,TEC-PH-10001700,131.98,2,0,35.6346
209,CA-2017-135860,12/1/2017,12/7/2017,Standard Class,JH-15985,Consumer,48601,OFF-BI-10003274,15.92,4,0,7.4824
210,CA-2017-135860,12/1/2017,12/7/2017,Standard Class,JH-15985,Consumer,48601,OFF-FA-10000134,52.29,9,0,16.2099
211,CA-2017-135860,12/1/2017,12/7/2017,Standard Class,JH-15985,Consumer,48601,OFF-ST-10001522,91.99,1,0,3.6796
212,CA-2015-101007,2/9/2015,2/13/2015,Second Class,MS-17980,Corporate,75220,TEC-AC-10001266,20.8,2,0.2,6.5
213,CA-2015-146262,1/2/2015,1/9/2015,Standard Class,VW-21775,Corporate,44256,OFF-LA-10004544,23.68,2,0.2,8.88
214,CA-2015-146262,1/2/2015,1/9/2015,Standard Class,VW-21775,Corporate,44256,FUR-BO-10004695,452.45,5,0.5,-244.323
215,CA-2015-146262,1/2/2015,1/9/2015,Standard Class,VW-21775,Corporate,44256,TEC-PH-10002844,62.982,3,0.4,-14.6958
216,CA-2015-146262,1/2/2015,1/9/2015,Standard Class,VW-21775,Corporate,44256,TEC-MA-10000864,1188,9,0.7,-950.4
217,CA-2015-146262,1/2/2015,1/9/2015,Standard Class,VW-21775,Corporate,44256,TEC-AC-10000109,89.584,2,0.2,4.4792
218,CA-2016-130162,10/28/2016,11/1/2016,Standard Class,JH-15910,Consumer,90032,OFF-ST-10001328,93.06,6,0,26.0568
219,CA-2016-130162,10/28/2016,11/1/2016,Standard Class,JH-15910,Consumer,90032,TEC-PH-10002563,302.376,3,0.2,22.6782
220,CA-2015-169397,12/24/2015,12/27/2015,First Class,JB-15925,Consumer,43017,OFF-FA-10000585,5.584,2,0.2,1.8148
221,CA-2015-169397,12/24/2015,12/27/2015,First Class,JB-15925,Consumer,43017,OFF-PA-10004000,22.704,6,0.2,8.2302
222,CA-2015-169397,12/24/2015,12/27/2015,First Class,JB-15925,Consumer,43017,OFF-BI-10002852,19.776,4,0.7,-13.8432
223,CA-2015-169397,12/24/2015,12/27/2015,First Class,JB-15925,Consumer,43017,FUR-FU-10000087,72.704,4,0.2,19.0848
224,CA-2015-169397,12/24/2015,12/27/2015,First Class,JB-15925,Consumer,43017,TEC-MA-10001148,479.988,4,0.7,-383.9904
225,CA-2015-169397,12/24/2015,12/27/2015,First Class,JB-15925,Consumer,43017,OFF-AR-10001958,27.168,2,0.2,2.7168
226,CA-2015-163055,8/9/2015,8/16/2015,Standard Class,DS-13180,Corporate,48227,OFF-AR-10001026,2.2,1,0,0.968
227,CA-2015-163055,8/9/2015,8/16/2015,Standard Class,DS-13180,Corporate,48227,FUR-TA-10003748,622.45,5,0,136.939
228,CA-2015-163055,8/9/2015,8/16/2015,Standard Class,DS-13180,Corporate,48227,OFF-ST-10002485,21.98,1,0,0.2198
229,US-2015-145436,2/28/2015,3/4/2015,Standard Class,VD-21670,Consumer,38401,FUR-CH-10004860,161.568,2,0.2,-28.2744
230,US-2015-145436,2/28/2015,3/4/2015,Standard Class,VD-21670,Consumer,38401,FUR-CH-10004477,389.696,8,0.2,43.8408
231,US-2014-156216,9/13/2014,9/17/2014,Standard Class,EA-14035,Corporate,28205,OFF-BI-10001679,18.648,7,0.7,-12.432
232,US-2017-100930,4/7/2017,4/12/2017,Standard Class,CS-12400,Home Office,33614,FUR-TA-10001705,233.86,2,0.45,-102.048
233,US-2017-100930,4/7/2017,4/12/2017,Standard Class,CS-12400,Home Office,33614,FUR-TA-10003473,620.6145,3,0.45,-248.2458
234,US-2017-100930,4/7/2017,4/12/2017,Standard Class,CS-12400,Home Office,33614,OFF-BI-10001679,5.328,2,0.7,-3.552
235,US-2017-100930,4/7/2017,4/12/2017,Standard Class,CS-12400,Home Office,33614,FUR-FU-10004017,258.072,3,0.2,0
236,US-2017-100930,4/7/2017,4/12/2017,Standard Class,CS-12400,Home Office,33614,TEC-AC-10003832,617.976,3,0.2,-7.7247
237,CA-2017-160514,11/12/2017,11/16/2017,Standard Class,DB-13120,Corporate,95051,OFF-PA-10002479,10.56,2,0,4.752
238,CA-2016-157749,6/4/2016,6/9/2016,Second Class,KL-16645,Consumer,60610,OFF-PA-10003349,25.92,5,0.2,9.396
239,CA-2016-157749,6/4/2016,6/9/2016,Second Class,KL-16645,Consumer,60610,FUR-FU-10000576,419.68,5,0.6,-356.728
240,CA-2016-157749,6/4/2016,6/9/2016,Second Class,KL-16645,Consumer,60610,FUR-FU-10004351,11.688,3,0.6,-4.6752
241,CA-2016-157749,6/4/2016,6/9/2016,Second Class,KL-16645,Consumer,60610,TEC-PH-10000011,31.984,2,0.2,11.1944
242,CA-2016-157749,6/4/2016,6/9/2016,Second Class,KL-16645,Consumer,60610,FUR-TA-10002607,177.225,5,0.5,-120.513
243,CA-2016-157749,6/4/2016,6/9/2016,Second Class,KL-16645,Consumer,60610,FUR-FU-10002505,4.044,3,0.6,-2.8308
244,CA-2016-157749,6/4/2016,6/9/2016,Second Class,KL-16645,Consumer,60610,OFF-AR-10004685,7.408,2,0.2,1.2038
245,CA-2014-131926,6/1/2014,6/6/2014,Second Class,DW-13480,Home Office,55044,FUR-CH-10004063,2001.86,7,0,580.5394
246,CA-2014-131926,6/1/2014,6/6/2014,Second Class,DW-13480,Home Office,55044,OFF-ST-10002276,166.72,2,0,41.68
247,CA-2014-131926,6/1/2014,6/6/2014,Second Class,DW-13480,Home Office,55044,OFF-PA-10004082,47.88,6,0,23.94
248,CA-2014-131926,6/1/2014,6/6/2014,Second Class,DW-13480,Home Office,55044,OFF-AP-10002945,1503.25,5,0,496.0725
249,CA-2014-131926,6/1/2014,6/6/2014,Second Class,DW-13480,Home Office,55044,OFF-PA-10000061,25.92,4,0,12.4416
250,CA-2016-154739,12/10/2016,12/15/2016,Second Class,LH-17155,Consumer,94109,FUR-CH-10002965,321.568,2,0.2,28.1372
251,CA-2016-145625,9/11/2016,9/17/2016,Standard Class,KC-16540,Consumer,92037,OFF-PA-10004569,7.61,1,0,3.5767
252,CA-2016-145625,9/11/2016,9/17/2016,Standard Class,KC-16540,Consumer,92037,TEC-AC-10003832,3347.37,13,0,636.0003
253,CA-2016-146941,12/10/2016,12/13/2016,First Class,DL-13315,Consumer,10024,OFF-ST-10001228,80.58,6,0,22.5624
254,CA-2016-146941,12/10/2016,12/13/2016,First Class,DL-13315,Consumer,10024,OFF-EN-10003296,361.92,4,0,162.864
255,US-2015-159982,11/28/2015,12/4/2015,Standard Class,DR-12880,Corporate,60623,FUR-FU-10002505,12.132,9,0.6,-8.4924
256,US-2015-159982,11/28/2015,12/4/2015,Standard Class,DR-12880,Corporate,60623,OFF-ST-10004804,82.368,2,0.2,-19.5624
257,US-2015-159982,11/28/2015,12/4/2015,Standard Class,DR-12880,Corporate,60623,OFF-ST-10001590,53.92,5,0.2,4.044
258,US-2015-159982,11/28/2015,12/4/2015,Standard Class,DR-12880,Corporate,60623,TEC-PH-10001580,647.904,6,0.2,56.6916
259,CA-2017-163139,12/1/2017,12/3/2017,Second Class,CC-12670,Consumer,10009,TEC-AC-10000290,20.37,3,0,6.9258
260,CA-2017-163139,12/1/2017,12/3/2017,Second Class,CC-12670,Consumer,10009,OFF-ST-10002790,221.55,3,0,6.6465
261,CA-2017-163139,12/1/2017,12/3/2017,Second Class,CC-12670,Consumer,10009,OFF-BI-10003460,17.52,5,0.2,6.132
262,US-2017-155299,6/8/2017,6/12/2017,Standard Class,Dl-13600,Corporate,77506,OFF-AP-10002203,1.624,2,0.8,-4.466
263,US-2014-106992,9/19/2014,9/21/2014,Second Class,SB-20290,Corporate,77036,TEC-MA-10000822,3059.982,3,0.4,-509.997
264,US-2014-106992,9/19/2014,9/21/2014,Second Class,SB-20290,Corporate,77036,TEC-MA-10003353,2519.958,7,0.4,-251.9958
265,CA-2016-125318,6/6/2016,6/13/2016,Standard Class,RC-19825,Consumer,60610,TEC-PH-10001433,328.224,4,0.2,28.7196
266,CA-2015-155040,11/10/2015,11/15/2015,Standard Class,AH-10210,Consumer,94513,TEC-AC-10004469,79.9,2,0,35.156
267,CA-2017-136826,6/16/2017,6/20/2017,Standard Class,CB-12535,Corporate,27514,OFF-AR-10003602,14.016,3,0.2,4.7304
268,CA-2016-111010,1/22/2016,1/28/2016,Standard Class,PG-18895,Consumer,7960,OFF-FA-10003472,7.56,6,0,0.3024
269,US-2017-145366,12/9/2017,12/13/2017,Standard Class,CA-12310,Corporate,45231,OFF-ST-10004180,37.208,1,0.2,-7.4416
270,US-2017-145366,12/9/2017,12/13/2017,Standard Class,CA-12310,Corporate,45231,OFF-EN-10004386,57.576,3,0.2,21.591
271,CA-2017-163979,12/28/2017,1/2/2018,Second Class,KH-16690,Corporate,94110,OFF-ST-10003208,725.84,4,0,210.4936
272,CA-2015-155334,7/30/2015,7/31/2015,First Class,HA-14920,Consumer,94109,TEC-AC-10003628,209.93,7,0,92.3692
273,CA-2015-155334,7/30/2015,7/31/2015,First Class,HA-14920,Consumer,94109,FUR-FU-10003274,5.28,3,0,2.3232
274,CA-2015-155334,7/30/2015,7/31/2015,First Class,HA-14920,Consumer,94109,OFF-BI-10002557,10.92,3,0.2,4.095
275,CA-2017-118136,9/16/2017,9/17/2017,First Class,BB-10990,Corporate,90301,OFF-PA-10002615,8.82,2,0,4.0572
276,CA-2017-118136,9/16/2017,9/17/2017,First Class,BB-10990,Corporate,90301,OFF-AR-10001427,5.98,1,0,1.5548
277,CA-2017-132976,10/13/2017,10/17/2017,Standard Class,AG-10495,Corporate,19140,OFF-PA-10000673,11.648,2,0.2,4.0768
278,CA-2017-132976,10/13/2017,10/17/2017,Standard Class,AG-10495,Corporate,19140,OFF-PA-10004470,18.176,4,0.2,5.9072
279,CA-2017-132976,10/13/2017,10/17/2017,Standard Class,AG-10495,Corporate,19140,OFF-ST-10000876,59.712,6,0.2,5.9712
280,CA-2017-132976,10/13/2017,10/17/2017,Standard Class,AG-10495,Corporate,19140,OFF-LA-10002043,24.84,3,0.2,8.694
281,US-2015-161991,9/26/2015,9/28/2015,Second Class,SC-20725,Consumer,77070,OFF-BI-10004967,2.08,5,0.8,-3.432
282,US-2015-161991,9/26/2015,9/28/2015,Second Class,SC-20725,Consumer,77070,TEC-PH-10001760,1114.4,7,0.2,376.11
283,CA-2015-130890,11/2/2015,11/6/2015,Standard Class,JO-15280,Consumer,90004,FUR-TA-10002903,1038.84,5,0.2,51.942
284,CA-2015-130883,9/26/2015,10/2/2015,Standard Class,TB-21520,Consumer,97206,OFF-PA-10000474,141.76,5,0.2,47.844
285,CA-2015-130883,9/26/2015,10/2/2015,Standard Class,TB-21520,Consumer,97206,TEC-AC-10001956,239.8,5,0.2,47.96
286,CA-2015-130883,9/26/2015,10/2/2015,Standard Class,TB-21520,Consumer,97206,OFF-PA-10004100,31.104,6,0.2,10.8864
287,CA-2016-112697,12/18/2016,12/20/2016,Second Class,AH-10195,Corporate,33319,OFF-BI-10000778,254.058,7,0.7,-169.372
288,CA-2016-112697,12/18/2016,12/20/2016,Second Class,AH-10195,Corporate,33319,OFF-AP-10002684,194.528,2,0.2,24.316
289,CA-2016-112697,12/18/2016,12/20/2016,Second Class,AH-10195,Corporate,33319,OFF-SU-10000646,961.48,5,0.2,-204.3145
290,CA-2016-110772,11/20/2016,11/24/2016,Second Class,NZ-18565,Home Office,43229,OFF-FA-10002983,19.096,7,0.2,6.6836
291,CA-2016-110772,11/20/2016,11/24/2016,Second Class,NZ-18565,Home Office,43229,OFF-LA-10004689,18.496,8,0.2,6.2424
292,CA-2016-110772,11/20/2016,11/24/2016,Second Class,NZ-18565,Home Office,43229,TEC-AC-10002001,255.984,2,0.2,54.3966
293,CA-2016-110772,11/20/2016,11/24/2016,Second Class,NZ-18565,Home Office,43229,FUR-BO-10004709,86.97,3,0.5,-48.7032
294,CA-2014-111451,12/26/2014,12/28/2014,First Class,KL-16555,Corporate,80906,FUR-FU-10004091,300.416,8,0.2,78.8592
295,CA-2014-111451,12/26/2014,12/28/2014,First Class,KL-16555,Corporate,80906,FUR-CH-10001891,230.352,3,0.2,20.1558
296,CA-2014-111451,12/26/2014,12/28/2014,First Class,KL-16555,Corporate,80906,FUR-FU-10002918,218.352,3,0.2,-24.5646
297,CA-2014-111451,12/26/2014,12/28/2014,First Class,KL-16555,Corporate,80906,OFF-BI-10004593,78.6,5,0.7,-62.88
298,CA-2014-111451,12/26/2014,12/28/2014,First Class,KL-16555,Corporate,80906,OFF-FA-10004854,27.552,3,0.2,9.2988
299,CA-2016-142545,10/28/2016,11/3/2016,Standard Class,JD-15895,Corporate,7109,OFF-PA-10002105,32.4,5,0,15.552
300,CA-2016-142545,10/28/2016,11/3/2016,Standard Class,JD-15895,Corporate,7109,OFF-ST-10002756,1082.48,8,0,10.8248
301,CA-2016-142545,10/28/2016,11/3/2016,Standard Class,JD-15895,Corporate,7109,OFF-PA-10004243,56.91,3,0,27.3168
302,CA-2016-142545,10/28/2016,11/3/2016,Standard Class,JD-15895,Corporate,7109,FUR-FU-10001861,77.6,4,0,38.024
303,CA-2016-142545,10/28/2016,11/3/2016,Standard Class,JD-15895,Corporate,7109,OFF-BI-10002706,14.28,1,0,6.5688
304,US-2017-152380,11/19/2017,11/23/2017,Standard Class,JH-15910,Consumer,60623,FUR-TA-10002533,219.075,3,0.5,-131.445
305,CA-2015-144253,5/4/2015,5/9/2015,Second Class,AS-10225,Corporate,10024,FUR-FU-10002671,26.8,2,0,12.864
306,CA-2014-130960,12/30/2014,1/4/2015,Standard Class,KB-16600,Corporate,48180,OFF-AR-10003651,9.84,3,0,2.8536
307,CA-2014-111003,6/1/2014,6/6/2014,Standard Class,CR-12625,Home Office,8701,OFF-BI-10001072,45.48,3,0,20.9208
308,CA-2014-111003,6/1/2014,6/6/2014,Standard Class,CR-12625,Home Office,8701,OFF-AR-10002135,289.2,6,0,83.868
309,CA-2017-126774,4/15/2017,4/17/2017,First Class,SH-20395,Consumer,22204,OFF-AR-10002804,4.89,1,0,2.0049
310,CA-2016-142902,9/12/2016,9/14/2016,Second Class,BP-11185,Corporate,80004,FUR-FU-10001918,15.136,4,0.2,3.5948
311,CA-2016-142902,9/12/2016,9/14/2016,Second Class,BP-11185,Corporate,80004,FUR-CH-10004086,466.768,2,0.2,52.5114
312,CA-2016-142902,9/12/2016,9/14/2016,Second Class,BP-11185,Corporate,80004,FUR-FU-10001756,15.232,1,0.2,1.7136
313,CA-2016-142902,9/12/2016,9/14/2016,Second Class,BP-11185,Corporate,80004,OFF-LA-10000634,6.264,3,0.2,2.0358
314,CA-2014-120887,9/27/2014,10/3/2014,Standard Class,TS-21205,Corporate,7601,FUR-FU-10001588,87.54,3,0,37.6422
315,CA-2014-167850,8/9/2014,8/16/2014,Standard Class,AG-10525,Corporate,33710,TEC-PH-10002398,178.384,2,0.2,22.298
316,CA-2014-167850,8/9/2014,8/16/2014,Standard Class,AG-10525,Corporate,33710,OFF-PA-10001937,15.552,3,0.2,5.4432
317,CA-2014-164259,12/28/2014,12/30/2014,First Class,SP-20860,Corporate,19143,OFF-AR-10003373,99.136,4,0.2,8.6744
318,CA-2014-164973,11/4/2014,11/9/2014,Standard Class,NM-18445,Home Office,10024,FUR-CH-10002602,135.882,1,0.1,24.1568
319,CA-2014-164973,11/4/2014,11/9/2014,Standard Class,NM-18445,Home Office,10024,TEC-MA-10002927,3991.98,2,0,1995.99
320,CA-2014-164973,11/4/2014,11/9/2014,Standard Class,NM-18445,Home Office,10024,TEC-PH-10004093,275.94,6,0,80.0226
321,CA-2014-164973,11/4/2014,11/9/2014,Standard Class,NM-18445,Home Office,10024,TEC-AC-10000892,360,4,0,129.6
322,CA-2014-164973,11/4/2014,11/9/2014,Standard Class,NM-18445,Home Office,10024,OFF-ST-10002974,43.57,1,0,13.071
323,CA-2014-156601,9/19/2014,9/24/2014,Standard Class,FA-14230,Corporate,90805,OFF-FA-10000624,7.16,2,0,3.58
324,CA-2016-162138,4/23/2016,4/27/2016,Standard Class,GK-14620,Corporate,92345,OFF-BI-10004593,251.52,6,0.2,81.744
325,CA-2016-162138,4/23/2016,4/27/2016,Standard Class,GK-14620,Corporate,92345,TEC-AC-10001908,99.99,1,0,34.9965
326,CA-2017-153339,11/3/2017,11/5/2017,Second Class,DJ-13510,Corporate,37130,FUR-FU-10001967,15.992,1,0.2,0.9995
327,US-2016-141544,8/30/2016,9/1/2016,First Class,PO-18850,Consumer,19143,TEC-PH-10003645,290.898,3,0.4,-67.8762
328,US-2016-141544,8/30/2016,9/1/2016,First Class,PO-18850,Consumer,19143,OFF-ST-10000675,54.224,2,0.2,3.389
329,US-2016-141544,8/30/2016,9/1/2016,First Class,PO-18850,Consumer,19143,FUR-CH-10003312,786.744,4,0.3,-258.5016
330,US-2016-141544,8/30/2016,9/1/2016,First Class,PO-18850,Consumer,19143,OFF-LA-10001074,100.24,10,0.2,33.831
331,US-2016-141544,8/30/2016,9/1/2016,First Class,PO-18850,Consumer,19143,OFF-BI-10001524,37.764,6,0.7,-27.6936
332,US-2016-150147,4/25/2016,4/29/2016,Second Class,JL-15850,Consumer,19134,TEC-PH-10004614,82.8,2,0.4,-20.7
333,US-2016-150147,4/25/2016,4/29/2016,Second Class,JL-15850,Consumer,19134,OFF-BI-10001153,20.724,2,0.7,-13.816
334,US-2016-150147,4/25/2016,4/29/2016,Second Class,JL-15850,Consumer,19134,OFF-BI-10001982,4.896,3,0.7,-3.4272
335,CA-2015-137946,9/1/2015,9/4/2015,Second Class,DB-13615,Consumer,90045,OFF-BI-10001922,4.752,1,0.2,1.6038
336,CA-2015-137946,9/1/2015,9/4/2015,Second Class,DB-13615,Consumer,90045,TEC-CO-10001449,959.984,2,0.2,335.9944
337,CA-2015-137946,9/1/2015,9/4/2015,Second Class,DB-13615,Consumer,90045,OFF-BI-10004140,14.368,4,0.2,4.49
338,CA-2014-129924,7/12/2014,7/17/2014,Standard Class,AC-10420,Corporate,94122,OFF-BI-10003314,7.712,2,0.2,2.7956
339,CA-2014-129924,7/12/2014,7/17/2014,Standard Class,AC-10420,Corporate,94122,FUR-TA-10004575,698.352,3,0.2,-17.4588
340,CA-2015-128167,6/22/2015,6/26/2015,Second Class,KL-16645,Consumer,84041,OFF-FA-10000490,4.96,4,0,2.3312
341,CA-2014-122336,4/13/2014,4/17/2014,Second Class,JD-15895,Corporate,19140,OFF-AR-10000122,17.856,4,0.2,1.116
342,CA-2014-122336,4/13/2014,4/17/2014,Second Class,JD-15895,Corporate,19140,OFF-BI-10003656,509.97,10,0.7,-407.976
343,CA-2014-122336,4/13/2014,4/17/2014,Second Class,JD-15895,Corporate,19140,OFF-FA-10002780,30.992,13,0.2,10.0724
344,CA-2014-122336,4/13/2014,4/17/2014,Second Class,JD-15895,Corporate,19140,TEC-PH-10000702,71.928,12,0.4,8.3916
345,US-2015-120712,12/20/2015,12/24/2015,Standard Class,CS-12130,Consumer,78745,OFF-ST-10000107,88.8,4,0.2,-2.22
346,CA-2017-169901,6/15/2017,6/19/2017,Standard Class,CC-12550,Consumer,94122,TEC-PH-10002293,47.976,3,0.2,4.7976
347,CA-2017-134306,7/8/2017,7/12/2017,Standard Class,TD-20995,Consumer,1852,OFF-AR-10004027,7.56,3,0,3.0996
348,CA-2017-134306,7/8/2017,7/12/2017,Standard Class,TD-20995,Consumer,1852,OFF-PA-10000249,24.56,2,0,11.5432
349,CA-2017-134306,7/8/2017,7/12/2017,Standard Class,TD-20995,Consumer,1852,OFF-AR-10001374,12.96,2,0,4.1472
350,CA-2016-129714,9/1/2016,9/3/2016,First Class,AB-10060,Home Office,10009,TEC-AC-10000290,6.79,1,0,2.3086
351,CA-2016-129714,9/1/2016,9/3/2016,First Class,AB-10060,Home Office,10009,OFF-PA-10001970,24.56,2,0,11.5432
352,CA-2016-129714,9/1/2016,9/3/2016,First Class,AB-10060,Home Office,10009,OFF-BI-10002160,3.048,1,0.2,1.0668
353,CA-2016-129714,9/1/2016,9/3/2016,First Class,AB-10060,Home Office,10009,OFF-PA-10001970,49.12,4,0,23.0864
354,CA-2016-129714,9/1/2016,9/3/2016,First Class,AB-10060,Home Office,10009,OFF-BI-10004995,4355.168,4,0.2,1415.4296
355,CA-2016-138520,4/8/2016,4/13/2016,Standard Class,JL-15505,Consumer,10035,FUR-BO-10002268,388.704,6,0.2,-4.8588
356,CA-2016-138520,4/8/2016,4/13/2016,Standard Class,JL-15505,Consumer,10035,OFF-EN-10001137,8.26,2,0,3.7996
357,CA-2016-138520,4/8/2016,4/13/2016,Standard Class,JL-15505,Consumer,10035,OFF-AR-10002399,17.04,4,0,6.9864
358,CA-2016-138520,4/8/2016,4/13/2016,Standard Class,JL-15505,Consumer,10035,OFF-PA-10002713,34.4,5,0,15.824
359,CA-2016-130001,4/23/2016,4/28/2016,Standard Class,HK-14890,Corporate,28205,OFF-PA-10002666,36.24,5,0.2,11.325
360,CA-2017-155698,3/8/2017,3/11/2017,First Class,VB-21745,Corporate,31907,OFF-AP-10001124,647.84,8,0,168.4384
361,CA-2017-155698,3/8/2017,3/11/2017,First Class,VB-21745,Corporate,31907,OFF-LA-10001158,20.7,2,0,9.936
362,CA-2017-144904,9/25/2017,10/1/2017,Standard Class,KW-16435,Consumer,10009,OFF-LA-10001158,20.7,2,0,9.936
363,CA-2017-144904,9/25/2017,10/1/2017,Standard Class,KW-16435,Consumer,10009,FUR-CH-10000785,488.646,3,0.1,86.8704
364,CA-2017-144904,9/25/2017,10/1/2017,Standard Class,KW-16435,Consumer,10009,OFF-AR-10003732,5.56,2,0,1.4456
365,CA-2017-144904,9/25/2017,10/1/2017,Standard Class,KW-16435,Consumer,10009,FUR-FU-10000023,47.12,8,0,20.7328
366,CA-2014-123344,9/24/2014,9/29/2014,Standard Class,JD-16060,Consumer,94109,OFF-ST-10001713,211.96,4,0,8.4784
367,CA-2016-155516,10/21/2016,10/21/2016,Same Day,MK-17905,Corporate,6040,OFF-BI-10002412,23.2,4,0,10.44
368,CA-2016-155516,10/21/2016,10/21/2016,Same Day,MK-17905,Corporate,6040,OFF-SU-10001225,7.36,2,0,0.1472
369,CA-2016-155516,10/21/2016,10/21/2016,Same Day,MK-17905,Corporate,6040,OFF-ST-10002406,104.79,7,0,29.3412
370,CA-2016-155516,10/21/2016,10/21/2016,Same Day,MK-17905,Corporate,6040,FUR-BO-10002545,1043.92,4,0,271.4192
371,CA-2017-104745,5/29/2017,6/4/2017,Standard Class,GT-14755,Consumer,78550,OFF-PA-10002036,25.92,5,0.2,9.396
372,CA-2017-104745,5/29/2017,6/4/2017,Standard Class,GT-14755,Consumer,78550,OFF-ST-10002205,53.424,3,0.2,4.6746
373,US-2014-119137,7/23/2014,7/27/2014,Standard Class,AG-10900,Consumer,85705,OFF-BI-10001982,8.16,5,0.7,-5.712
374,US-2014-119137,7/23/2014,7/27/2014,Standard Class,AG-10900,Consumer,85705,TEC-AC-10003911,1023.936,8,0.2,179.1888
375,US-2014-119137,7/23/2014,7/27/2014,Standard Class,AG-10900,Consumer,85705,OFF-AR-10000658,9.24,1,0.2,0.924
376,US-2014-119137,7/23/2014,7/27/2014,Standard Class,AG-10900,Consumer,85705,TEC-AC-10002076,479.04,10,0.2,-29.94
377,US-2016-134656,9/28/2016,10/1/2016,First Class,MM-18280,Corporate,62301,OFF-PA-10003039,99.136,4,0.2,30.98
378,US-2017-134481,8/27/2017,9/1/2017,Standard Class,AR-10405,Corporate,2038,FUR-TA-10004915,1488.424,7,0.3,-297.6848
379,CA-2015-130792,4/28/2015,5/5/2015,Standard Class,RA-19915,Consumer,77095,OFF-AP-10000696,8.652,3,0.8,-20.3322
380,CA-2015-130792,4/28/2015,5/5/2015,Standard Class,RA-19915,Consumer,77095,OFF-ST-10003327,23.832,3,0.2,2.6811
381,CA-2015-130792,4/28/2015,5/5/2015,Standard Class,RA-19915,Consumer,77095,OFF-BI-10000309,12.176,4,0.8,-18.8728
382,CA-2016-134775,10/28/2016,10/29/2016,First Class,AS-10285,Corporate,94109,OFF-PA-10004734,50.96,7,0,25.48
383,CA-2016-134775,10/28/2016,10/29/2016,First Class,AS-10285,Corporate,94109,OFF-BI-10002225,49.536,3,0.2,17.3376
384,CA-2015-125395,6/26/2015,6/29/2015,Second Class,LA-16780,Corporate,48180,TEC-AC-10004708,41.9,2,0,8.799
385,US-2015-168935,11/27/2015,12/2/2015,Standard Class,DO-13435,Consumer,33024,FUR-TA-10000617,375.4575,3,0.45,-157.0095
386,US-2015-168935,11/27/2015,12/2/2015,Standard Class,DO-13435,Consumer,33024,TEC-AC-10002335,83.976,3,0.2,-1.0497
387,CA-2015-122756,12/3/2015,12/7/2015,Standard Class,DK-13225,Corporate,19140,TEC-MA-10001681,482.34,4,0.7,-337.638
388,CA-2015-122756,12/3/2015,12/7/2015,Standard Class,DK-13225,Corporate,19140,FUR-FU-10001935,2.96,1,0.2,0.777
389,CA-2014-115973,11/24/2014,11/26/2014,First Class,NG-18430,Consumer,45231,OFF-AR-10004757,2.624,1,0.2,0.4264
390,CA-2017-101798,12/11/2017,12/15/2017,Standard Class,MV-18190,Consumer,10009,OFF-BI-10000050,23.36,4,0.2,7.884
391,CA-2017-101798,12/11/2017,12/15/2017,Standard Class,MV-18190,Consumer,10009,TEC-AC-10001998,39.98,2,0,13.5932
392,US-2014-135972,9/21/2014,9/23/2014,Second Class,JG-15115,Consumer,98198,TEC-PH-10003012,246.384,2,0.2,27.7182
393,US-2014-135972,9/21/2014,9/23/2014,Second Class,JG-15115,Consumer,98198,TEC-CO-10002313,1799.97,3,0,701.9883
394,US-2014-134971,6/7/2014,6/10/2014,Second Class,BP-11095,Corporate,61604,OFF-BI-10003982,12.462,3,0.8,-20.5623
395,CA-2017-102946,6/30/2017,7/5/2017,Standard Class,VP-21730,Home Office,89115,OFF-BI-10004492,75.792,3,0.2,25.5798
396,CA-2017-165603,10/17/2017,10/19/2017,Second Class,SS-20140,Corporate,2886,OFF-ST-10000798,49.96,2,0,9.4924
397,CA-2017-165603,10/17/2017,10/19/2017,Second Class,SS-20140,Corporate,2886,OFF-PA-10002552,12.96,2,0,6.2208
398,CA-2015-122259,10/31/2015,11/4/2015,Standard Class,HP-14815,Home Office,49201,OFF-SU-10002573,70.12,4,0,21.036
399,CA-2016-108987,9/8/2016,9/10/2016,Second Class,AG-10675,Consumer,77036,OFF-ST-10001580,35.952,3,0.2,3.5952
400,CA-2016-108987,9/8/2016,9/10/2016,Second Class,AG-10675,Consumer,77036,FUR-BO-10004834,2396.2656,4,0.32,-317.1528
401,CA-2016-108987,9/8/2016,9/10/2016,Second Class,AG-10675,Consumer,77036,OFF-ST-10000934,131.136,4,0.2,-32.784
402,CA-2016-108987,9/8/2016,9/10/2016,Second Class,AG-10675,Consumer,77036,TEC-AC-10000158,57.584,2,0.2,0.7198
403,CA-2014-113166,12/24/2014,12/26/2014,First Class,LF-17185,Consumer,33180,OFF-PA-10001947,9.568,2,0.2,3.4684
404,CA-2014-155208,4/16/2014,4/20/2014,Standard Class,SP-20650,Corporate,28403,OFF-AR-10003478,39.072,6,0.2,9.768
405,CA-2017-117933,12/24/2017,12/29/2017,Standard Class,RF-19840,Consumer,10024,OFF-AP-10004249,35.91,3,0,9.6957
406,CA-2017-117457,12/8/2017,12/12/2017,Standard Class,KH-16510,Consumer,94110,TEC-AC-10000158,179.95,5,0,37.7895
407,CA-2017-117457,12/8/2017,12/12/2017,Standard Class,KH-16510,Consumer,94110,TEC-CO-10004115,1199.976,3,0.2,434.9913
408,CA-2017-117457,12/8/2017,12/12/2017,Standard Class,KH-16510,Consumer,94110,OFF-PA-10003724,27.15,5,0,13.3035
409,CA-2017-117457,12/8/2017,12/12/2017,Standard Class,KH-16510,Consumer,94110,FUR-TA-10002041,1004.024,7,0.2,-112.9527
410,CA-2017-117457,12/8/2017,12/12/2017,Standard Class,KH-16510,Consumer,94110,OFF-PA-10002893,9.68,1,0,4.6464
411,CA-2017-117457,12/8/2017,12/12/2017,Standard Class,KH-16510,Consumer,94110,OFF-LA-10003766,28.35,9,0,13.608
412,CA-2017-117457,12/8/2017,12/12/2017,Standard Class,KH-16510,Consumer,94110,OFF-PA-10001970,55.98,1,0,27.4302
413,CA-2017-117457,12/8/2017,12/12/2017,Standard Class,KH-16510,Consumer,94110,FUR-BO-10001972,1336.829,13,0.15,31.4548
414,CA-2017-117457,12/8/2017,12/12/2017,Standard Class,KH-16510,Consumer,94110,FUR-CH-10003956,113.568,2,0.2,-18.4548
415,CA-2017-142636,11/3/2017,11/7/2017,Standard Class,KC-16675,Corporate,98105,OFF-PA-10000157,139.86,7,0,65.7342
416,CA-2017-142636,11/3/2017,11/7/2017,Standard Class,KC-16675,Corporate,98105,FUR-CH-10001891,307.136,4,0.2,26.8744
417,CA-2017-122105,6/24/2017,6/28/2017,Standard Class,CJ-12010,Consumer,92646,OFF-AR-10004344,95.92,8,0,25.8984
418,CA-2016-148796,4/14/2016,4/18/2016,Standard Class,PB-19150,Consumer,90004,FUR-CH-10004886,383.8,5,0.2,38.38
419,CA-2017-154816,11/6/2017,11/10/2017,Standard Class,VB-21745,Corporate,40475,OFF-PA-10003845,5.78,1,0,2.8322
420,CA-2017-110478,3/4/2017,3/9/2017,Standard Class,SP-20860,Corporate,90045,OFF-AR-10001573,9.32,4,0,2.7028
421,CA-2017-110478,3/4/2017,3/9/2017,Standard Class,SP-20860,Corporate,90045,OFF-EN-10000483,15.25,1,0,7.015
422,CA-2014-142048,6/22/2014,6/25/2014,First Class,JE-15745,Consumer,80027,TEC-AC-10004114,196.752,6,0.2,56.5662
423,CA-2017-125388,10/19/2017,10/23/2017,Standard Class,MP-17965,Corporate,1841,FUR-FU-10004712,56.56,4,0,14.7056
424,CA-2017-125388,10/19/2017,10/23/2017,Standard Class,MP-17965,Corporate,1841,OFF-ST-10000918,32.7,3,0,8.502
425,CA-2017-155705,8/21/2017,8/23/2017,Second Class,NF-18385,Consumer,39212,FUR-CH-10000015,866.4,4,0,225.264
426,CA-2017-149160,11/23/2017,11/26/2017,Second Class,JM-15265,Corporate,48187,FUR-FU-10003347,28.4,2,0,11.076
427,CA-2017-149160,11/23/2017,11/26/2017,Second Class,JM-15265,Corporate,48187,OFF-BI-10001543,287.92,8,0,138.2016
428,CA-2014-101476,9/12/2014,9/13/2014,First Class,SD-20485,Home Office,10801,TEC-MA-10000029,69.99,1,0,30.0957
429,CA-2017-152275,10/1/2017,10/8/2017,Standard Class,KH-16630,Corporate,78207,OFF-AR-10000369,6.672,6,0.2,0.5004
430,US-2016-123750,4/15/2016,4/21/2016,Standard Class,RB-19795,Home Office,28052,OFF-BI-10004584,189.588,2,0.7,-145.3508
431,US-2016-123750,4/15/2016,4/21/2016,Standard Class,RB-19795,Home Office,28052,TEC-AC-10004659,408.744,7,0.2,76.6395
432,US-2016-123750,4/15/2016,4/21/2016,Standard Class,RB-19795,Home Office,28052,TEC-AC-10004659,291.96,5,0.2,54.7425
433,US-2016-123750,4/15/2016,4/21/2016,Standard Class,RB-19795,Home Office,28052,OFF-ST-10000617,4.768,2,0.2,-0.7748
434,CA-2016-127369,6/6/2016,6/7/2016,First Class,DB-13060,Consumer,1852,OFF-ST-10003306,714.3,5,0,207.147
435,US-2014-150574,12/19/2014,12/25/2014,Standard Class,MK-18160,Consumer,32216,OFF-BI-10000773,4.812,2,0.7,-3.6892
436,US-2014-150574,12/19/2014,12/25/2014,Standard Class,MK-18160,Consumer,32216,TEC-AC-10002600,247.8,5,0.2,-18.585
437,CA-2016-147375,6/12/2016,6/14/2016,Second Class,PO-19180,Home Office,60623,TEC-MA-10002937,1007.979,3,0.3,43.1991
438,CA-2016-147375,6/12/2016,6/14/2016,Second Class,PO-19180,Home Office,60623,OFF-PA-10001970,313.488,7,0.2,113.6394
439,CA-2017-130043,9/15/2017,9/19/2017,Standard Class,BB-11545,Corporate,77070,OFF-PA-10002230,31.872,8,0.2,11.5536
440,CA-2017-157252,1/20/2017,1/23/2017,Second Class,CV-12805,Corporate,10024,FUR-CH-10003396,207.846,3,0.1,2.3094
441,CA-2016-115756,9/5/2016,9/7/2016,Second Class,PK-19075,Consumer,48227,FUR-FU-10000246,12.22,1,0,3.666
442,CA-2016-115756,9/5/2016,9/7/2016,Second Class,PK-19075,Consumer,48227,OFF-ST-10000060,194.94,3,0,23.3928
443,CA-2016-115756,9/5/2016,9/7/2016,Second Class,PK-19075,Consumer,48227,OFF-ST-10003058,70.95,3,0,20.5755
444,CA-2016-115756,9/5/2016,9/7/2016,Second Class,PK-19075,Consumer,48227,OFF-PA-10002222,91.36,4,0,42.0256
445,CA-2016-115756,9/5/2016,9/7/2016,Second Class,PK-19075,Consumer,48227,FUR-CH-10002372,242.94,3,0,29.1528
446,CA-2016-115756,9/5/2016,9/7/2016,Second Class,PK-19075,Consumer,48227,OFF-LA-10001317,22.05,7,0,10.584
447,CA-2017-154214,3/20/2017,3/25/2017,Second Class,TB-21595,Consumer,47201,FUR-FU-10000206,2.91,1,0,1.3677
448,CA-2016-166674,4/1/2016,4/3/2016,Second Class,RB-19360,Consumer,13021,OFF-AR-10000588,59.52,3,0,15.4752
449,CA-2016-166674,4/1/2016,4/3/2016,Second Class,RB-19360,Consumer,13021,OFF-ST-10001469,161.94,3,0,9.7164
450,CA-2016-166674,4/1/2016,4/3/2016,Second Class,RB-19360,Consumer,13021,OFF-AR-10001953,263.88,6,0,71.2476
451,CA-2016-166674,4/1/2016,4/3/2016,Second Class,RB-19360,Consumer,13021,OFF-AR-10003156,30.48,3,0,7.9248
452,CA-2016-166674,4/1/2016,4/3/2016,Second Class,RB-19360,Consumer,13021,OFF-AR-10004974,9.84,3,0,2.8536
453,CA-2016-166674,4/1/2016,4/3/2016,Second Class,RB-19360,Consumer,13021,TEC-PH-10002365,35.12,4,0,9.1312
454,CA-2017-147277,10/20/2017,10/24/2017,Standard Class,EB-13705,Corporate,44312,FUR-TA-10001539,284.364,2,0.4,-75.8304
455,CA-2017-147277,10/20/2017,10/24/2017,Standard Class,EB-13705,Corporate,44312,OFF-ST-10000142,665.408,2,0.2,66.5408
456,CA-2016-100153,12/13/2016,12/17/2016,Standard Class,KH-16630,Corporate,73071,TEC-AC-10001772,63.88,4,0,24.9132
457,US-2014-110674,2/12/2014,2/18/2014,Standard Class,SC-20095,Consumer,94521,FUR-CH-10000225,129.568,2,0.2,-24.294
458,US-2016-157945,9/26/2016,10/1/2016,Standard Class,NF-18385,Consumer,62521,FUR-CH-10002331,747.558,3,0.3,-96.1146
459,US-2016-157945,9/26/2016,10/1/2016,Standard Class,NF-18385,Consumer,62521,OFF-EN-10001415,8.928,2,0.2,3.348
460,CA-2015-109638,12/15/2015,12/22/2015,Standard Class,JH-15985,Consumer,98115,OFF-AP-10002472,103.92,4,0,36.372
461,CA-2015-109638,12/15/2015,12/22/2015,Standard Class,JH-15985,Consumer,98115,TEC-AC-10004571,899.91,9,0,377.9622
462,CA-2015-109638,12/15/2015,12/22/2015,Standard Class,JH-15985,Consumer,98115,OFF-BI-10001098,51.312,3,0.2,18.6006
463,CA-2016-109869,4/22/2016,4/29/2016,Standard Class,TN-21040,Home Office,85023,FUR-FU-10000023,23.56,5,0.2,7.068
464,CA-2016-109869,4/22/2016,4/29/2016,Standard Class,TN-21040,Home Office,85023,FUR-TA-10001889,1272.63,6,0.5,-814.4832
465,CA-2016-109869,4/22/2016,4/29/2016,Standard Class,TN-21040,Home Office,85023,OFF-BI-10000315,28.485,5,0.7,-20.889
466,CA-2016-109869,4/22/2016,4/29/2016,Standard Class,TN-21040,Home Office,85023,OFF-SU-10003505,185.376,2,0.2,-34.758
467,CA-2016-109869,4/22/2016,4/29/2016,Standard Class,TN-21040,Home Office,85023,OFF-AP-10002578,78.272,2,0.2,5.8704
468,US-2015-101399,1/17/2015,1/24/2015,Standard Class,JS-15940,Home Office,60068,FUR-FU-10002918,254.744,7,0.6,-312.0614
469,CA-2017-154907,3/31/2017,4/4/2017,Standard Class,DS-13180,Corporate,79109,FUR-BO-10002824,205.3328,2,0.32,-36.2352
470,US-2016-100419,12/16/2016,12/20/2016,Second Class,CC-12670,Consumer,60610,OFF-BI-10002194,4.788,3,0.8,-7.9002
471,CA-2015-154144,12/20/2015,12/24/2015,Standard Class,MH-17785,Corporate,11757,OFF-PA-10004071,55.48,1,0,26.6304
472,CA-2014-144666,11/9/2014,11/11/2014,Second Class,JP-15520,Consumer,94110,OFF-ST-10002743,340.92,3,0,3.4092
473,CA-2014-144666,11/9/2014,11/11/2014,Second Class,JP-15520,Consumer,94110,FUR-BO-10001601,222.666,2,0.15,10.4784
474,CA-2014-144666,11/9/2014,11/11/2014,Second Class,JP-15520,Consumer,94110,TEC-PH-10002680,703.968,4,0.2,87.996
475,CA-2014-144666,11/9/2014,11/11/2014,Second Class,JP-15520,Consumer,94110,OFF-ST-10001321,92.52,6,0,24.9804
476,CA-2014-144666,11/9/2014,11/11/2014,Second Class,JP-15520,Consumer,94110,OFF-PA-10001509,62.65,7,0,28.819
477,CA-2014-144666,11/9/2014,11/11/2014,Second Class,JP-15520,Consumer,94110,OFF-PA-10003465,94.85,5,0,45.528
478,CA-2016-103891,7/12/2016,7/19/2016,Standard Class,KH-16690,Corporate,90008,TEC-PH-10000149,95.76,6,0.2,7.182
479,CA-2016-152632,10/27/2016,11/2/2016,Standard Class,JE-15475,Consumer,12180,FUR-FU-10002671,40.2,3,0,19.296
480,CA-2016-100790,6/26/2016,7/2/2016,Standard Class,JG-15805,Corporate,10024,OFF-AR-10003045,14.7,5,0,6.615
481,CA-2016-100790,6/26/2016,7/2/2016,Standard Class,JG-15805,Corporate,10024,OFF-ST-10000689,704.25,5,0,84.51
482,CA-2014-134677,10/6/2014,10/10/2014,Standard Class,XP-21865,Consumer,92024,TEC-AC-10001445,9.09,3,0,1.9089
483,CA-2014-127691,7/22/2014,7/27/2014,Standard Class,EM-14065,Consumer,10024,OFF-AR-10002053,5.96,2,0,1.6688
484,CA-2014-127691,7/22/2014,7/27/2014,Standard Class,EM-14065,Consumer,10024,TEC-AC-10002567,159.98,2,0,57.5928
485,CA-2017-140963,6/10/2017,6/13/2017,First Class,MT-18070,Home Office,90045,OFF-LA-10003923,29.6,2,0,14.8
486,CA-2017-140963,6/10/2017,6/13/2017,First Class,MT-18070,Home Office,90045,FUR-BO-10001337,514.165,5,0.15,-30.245
487,CA-2017-140963,6/10/2017,6/13/2017,First Class,MT-18070,Home Office,90045,TEC-PH-10001924,279.96,5,0.2,17.4975
488,CA-2014-154627,10/29/2014,10/31/2014,First Class,SA-20830,Consumer,60610,TEC-PH-10001363,2735.952,6,0.2,341.994
489,CA-2014-133753,6/9/2014,6/13/2014,Second Class,CW-11905,Home Office,77340,TEC-PH-10000376,7.992,1,0.2,0.5994
490,CA-2014-133753,6/9/2014,6/13/2014,Second Class,CW-11905,Home Office,77340,TEC-AC-10000303,63.984,2,0.2,10.3974
491,CA-2014-133753,6/9/2014,6/13/2014,Second Class,CW-11905,Home Office,77340,OFF-AR-10001953,70.368,2,0.2,6.1572
492,CA-2014-113362,9/14/2014,9/19/2014,Standard Class,AJ-10960,Consumer,14609,OFF-ST-10001809,449.15,5,0,8.983
493,CA-2014-113362,9/14/2014,9/19/2014,Standard Class,AJ-10960,Consumer,14609,OFF-EN-10003845,11.07,3,0,5.0922
494,CA-2016-169166,5/9/2016,5/14/2016,Standard Class,SS-20590,Consumer,98115,TEC-AC-10000991,93.98,2,0,13.1572
495,US-2016-120929,3/18/2016,3/21/2016,Second Class,RO-19780,Consumer,38109,FUR-TA-10001857,189.882,3,0.4,-94.941
496,CA-2015-134782,12/27/2015,12/31/2015,Standard Class,MD-17350,Consumer,72701,OFF-EN-10001434,105.42,2,0,51.6558
497,CA-2016-126158,7/25/2016,7/31/2016,Standard Class,SC-20095,Consumer,92627,OFF-BI-10002498,119.616,8,0.2,40.3704
498,CA-2016-126158,7/25/2016,7/31/2016,Standard Class,SC-20095,Consumer,92627,FUR-FU-10004864,255.76,4,0,81.8432
499,CA-2016-126158,7/25/2016,7/31/2016,Standard Class,SC-20095,Consumer,92627,FUR-CH-10002602,241.568,2,0.2,18.1176
500,CA-2016-126158,7/25/2016,7/31/2016,Standard Class,SC-20095,Consumer,92627,FUR-FU-10000073,69.3,9,0,22.869
501,US-2016-105578,5/30/2016,6/4/2016,Standard Class,MY-17380,Corporate,80134,OFF-BI-10001670,22.62,2,0.7,-15.08
502,US-2016-105578,5/30/2016,6/4/2016,Standard Class,MY-17380,Corporate,80134,OFF-BI-10001658,14.952,2,0.7,-11.9616
503,US-2016-105578,5/30/2016,6/4/2016,Standard Class,MY-17380,Corporate,80134,FUR-CH-10001215,801.568,2,0.2,50.098
504,US-2016-105578,5/30/2016,6/4/2016,Standard Class,MY-17380,Corporate,80134,OFF-BI-10000831,2.376,3,0.7,-1.9008
505,US-2016-105578,5/30/2016,6/4/2016,Standard Class,MY-17380,Corporate,80134,OFF-PA-10000357,32.792,1,0.2,11.8871
506,CA-2017-134978,11/12/2017,11/15/2017,Second Class,EB-13705,Corporate,10024,OFF-BI-10003274,15.92,5,0.2,5.373
507,CA-2015-145352,3/16/2015,3/22/2015,Standard Class,CM-12385,Consumer,30318,OFF-AR-10001662,2.74,1,0,0.7398
508,CA-2015-145352,3/16/2015,3/22/2015,Standard Class,CM-12385,Consumer,30318,OFF-AR-10003856,8.34,3,0,2.1684
509,CA-2015-145352,3/16/2015,3/22/2015,Standard Class,CM-12385,Consumer,30318,OFF-ST-10001228,46.74,3,0,11.685
510,CA-2015-145352,3/16/2015,3/22/2015,Standard Class,CM-12385,Consumer,30318,OFF-BI-10003527,6354.95,5,0,3177.475
511,CA-2017-135307,11/26/2017,11/27/2017,First Class,LS-17245,Consumer,64118,FUR-FU-10001290,126.3,3,0,40.416
512,CA-2017-135307,11/26/2017,11/27/2017,First Class,LS-17245,Consumer,64118,TEC-AC-10002399,38.04,2,0,12.1728
513,CA-2016-106341,10/20/2016,10/23/2016,First Class,LF-17185,Consumer,43055,OFF-AR-10002053,7.152,3,0.2,0.7152
514,CA-2017-163405,12/21/2017,12/25/2017,Standard Class,BN-11515,Consumer,90049,OFF-AR-10003811,6.63,3,0,1.7901
515,CA-2017-163405,12/21/2017,12/25/2017,Standard Class,BN-11515,Consumer,90049,OFF-AR-10001246,5.88,2,0,1.7052
516,CA-2017-127432,1/22/2017,1/27/2017,Standard Class,AD-10180,Home Office,59405,TEC-CO-10003236,2999.95,5,0,1379.977
517,CA-2017-127432,1/22/2017,1/27/2017,Standard Class,AD-10180,Home Office,59405,OFF-ST-10004507,51.45,3,0,13.8915
518,CA-2017-127432,1/22/2017,1/27/2017,Standard Class,AD-10180,Home Office,59405,OFF-PA-10001667,11.96,2,0,5.382
519,CA-2017-127432,1/22/2017,1/27/2017,Standard Class,AD-10180,Home Office,59405,OFF-ST-10004459,1126.02,3,0,56.301
520,CA-2015-157812,3/22/2015,3/26/2015,Standard Class,DB-13210,Consumer,77041,TEC-AC-10000171,18.392,1,0.2,5.2877
521,CA-2015-157812,3/22/2015,3/26/2015,Standard Class,DB-13210,Consumer,77041,OFF-ST-10000736,129.568,2,0.2,-25.9136
522,CA-2015-157812,3/22/2015,3/26/2015,Standard Class,DB-13210,Consumer,77041,OFF-BI-10000285,14.112,9,0.8,-21.168
523,CA-2017-145142,1/23/2017,1/25/2017,First Class,MC-17605,Corporate,48234,FUR-TA-10001857,210.98,2,0,21.098
524,US-2016-139486,5/21/2016,5/23/2016,First Class,LH-17155,Consumer,90032,TEC-PH-10003555,55.176,3,0.2,-12.4146
525,US-2016-139486,5/21/2016,5/23/2016,First Class,LH-17155,Consumer,90032,TEC-AC-10003832,66.26,2,0,27.1666
526,CA-2015-158792,12/26/2015,1/2/2016,Standard Class,BD-11605,Consumer,1841,OFF-FA-10002815,22.2,5,0,10.434
527,CA-2017-113558,10/21/2017,10/26/2017,Standard Class,PH-18790,Home Office,33801,FUR-CH-10003379,683.952,3,0.2,42.747
528,CA-2017-113558,10/21/2017,10/26/2017,Standard Class,PH-18790,Home Office,33801,FUR-FU-10001756,45.696,3,0.2,5.1408
529,US-2015-138303,9/3/2015,9/7/2015,Standard Class,MG-18145,Consumer,19134,OFF-ST-10004963,36.336,3,0.2,-7.2672
530,US-2015-138303,9/3/2015,9/7/2015,Standard Class,MG-18145,Consumer,19134,OFF-SU-10002881,666.248,1,0.2,-149.9058
531,US-2015-138303,9/3/2015,9/7/2015,Standard Class,MG-18145,Consumer,19134,OFF-EN-10001335,52.512,6,0.2,19.692
532,CA-2015-102848,11/7/2015,11/9/2015,Second Class,KB-16240,Corporate,90036,FUR-CH-10000595,190.72,1,0.2,11.92
533,US-2017-129441,9/7/2017,9/11/2017,Standard Class,JC-15340,Consumer,90032,FUR-FU-10000448,47.94,3,0,2.397
534,CA-2016-168753,5/29/2016,6/1/2016,Second Class,RL-19615,Consumer,36116,TEC-PH-10000984,979.95,5,0,274.386
535,CA-2016-168753,5/29/2016,6/1/2016,Second Class,RL-19615,Consumer,36116,OFF-BI-10002557,22.75,5,0,11.375
536,CA-2016-126613,7/10/2016,7/16/2016,Standard Class,AA-10375,Consumer,85204,OFF-ST-10001325,16.768,2,0.2,1.4672
537,US-2017-122637,9/3/2017,9/8/2017,Second Class,EP-13915,Consumer,60653,OFF-BI-10002429,42.616,7,0.8,-68.1856
538,CA-2015-147851,12/3/2015,12/8/2015,Standard Class,MP-17470,Home Office,10009,OFF-BI-10004528,10.752,4,0.2,3.36
539,CA-2015-134894,12/7/2015,12/11/2015,Standard Class,DK-12985,Consumer,42420,OFF-AP-10001271,152.94,3,0,41.2938
540,CA-2015-134894,12/7/2015,12/11/2015,Standard Class,DK-12985,Consumer,42420,FUR-CH-10002647,283.92,4,0,70.98
541,CA-2014-140795,2/1/2014,2/3/2014,First Class,BD-11500,Consumer,54302,TEC-AC-10001432,468.9,6,0,206.316
542,CA-2016-136924,7/14/2016,7/17/2016,First Class,ES-14080,Corporate,85705,TEC-PH-10002262,380.864,8,0.2,38.0864
543,US-2015-120161,12/18/2015,12/23/2015,Standard Class,LM-17065,Consumer,45503,OFF-ST-10001809,646.776,9,0.2,-145.5246
544,CA-2014-103849,5/11/2014,5/16/2014,Standard Class,PG-18895,Consumer,76106,TEC-AC-10001465,58.112,2,0.2,7.264
545,CA-2014-103849,5/11/2014,5/16/2014,Standard Class,PG-18895,Consumer,76106,TEC-PH-10002597,100.792,1,0.2,6.2995
546,CA-2014-103849,5/11/2014,5/16/2014,Standard Class,PG-18895,Consumer,76106,FUR-FU-10000723,66.112,4,0.6,-84.2928
547,CA-2017-162929,11/19/2017,11/22/2017,First Class,AS-10135,Home Office,10035,OFF-BI-10000404,41.28,6,0.2,13.932
548,CA-2017-162929,11/19/2017,11/22/2017,First Class,AS-10135,Home Office,10035,OFF-PA-10002986,13.36,2,0,6.4128
549,CA-2015-113173,11/15/2015,11/17/2015,Second Class,DK-13225,Corporate,60653,OFF-ST-10000604,250.272,9,0.2,15.642
550,CA-2015-113173,11/15/2015,11/17/2015,Second Class,DK-13225,Corporate,60653,OFF-BI-10004738,11.364,3,0.8,-17.046
551,CA-2015-113173,11/15/2015,11/17/2015,Second Class,DK-13225,Corporate,60653,OFF-SU-10001935,8.72,5,0.2,-1.744
552,CA-2016-136406,4/15/2016,4/17/2016,Second Class,BD-11320,Consumer,94110,FUR-CH-10002024,1121.568,2,0.2,0
553,CA-2017-112774,9/11/2017,9/12/2017,First Class,RC-19960,Consumer,32216,FUR-FU-10003039,34.504,1,0.2,6.0382
554,CA-2017-101945,11/24/2017,11/28/2017,Standard Class,GT-14710,Consumer,77070,OFF-FA-10004248,10.824,3,0.2,2.5707
555,CA-2017-100650,6/29/2017,7/3/2017,Second Class,DK-13225,Corporate,92804,OFF-ST-10001780,1295.78,2,0,310.9872
556,CA-2014-155852,3/3/2014,3/7/2014,Second Class,AJ-10945,Consumer,28403,OFF-AR-10003560,19.456,4,0.2,3.4048
557,CA-2016-113243,6/10/2016,6/15/2016,Standard Class,OT-18730,Consumer,90045,OFF-LA-10001297,20.7,2,0,9.936
558,CA-2016-113243,6/10/2016,6/15/2016,Standard Class,OT-18730,Consumer,90045,FUR-TA-10004256,1335.68,4,0.2,-217.048
559,CA-2016-113243,6/10/2016,6/15/2016,Standard Class,OT-18730,Consumer,90045,OFF-PA-10003441,32.4,5,0,15.552
560,CA-2017-118731,11/20/2017,11/22/2017,Second Class,LP-17080,Consumer,94110,FUR-FU-10003347,42.6,3,0,16.614
561,CA-2017-118731,11/20/2017,11/22/2017,Second Class,LP-17080,Consumer,94110,OFF-BI-10000069,84.056,7,0.2,27.3182
562,CA-2014-145576,9/14/2014,9/18/2014,Second Class,CA-12775,Consumer,33614,OFF-AP-10003914,13,5,0.2,1.3
563,CA-2014-145576,9/14/2014,9/18/2014,Second Class,CA-12775,Consumer,33614,FUR-FU-10004020,13.128,3,0.2,3.7743
564,CA-2015-130736,12/7/2015,12/9/2015,First Class,JF-15490,Consumer,98105,OFF-FA-10003467,3.96,2,0,0
565,CA-2015-130736,12/7/2015,12/9/2015,First Class,JF-15490,Consumer,98105,OFF-LA-10000634,2.61,1,0,1.2006
566,CA-2017-137099,12/7/2017,12/10/2017,First Class,FP-14320,Consumer,90008,TEC-PH-10002496,374.376,3,0.2,46.797
567,CA-2017-156951,10/1/2017,10/8/2017,Standard Class,EB-13840,Corporate,98105,OFF-PA-10004530,91.84,8,0,45.0016
568,CA-2017-156951,10/1/2017,10/8/2017,Standard Class,EB-13840,Corporate,98105,OFF-BI-10001107,81.088,7,0.2,27.3672
569,CA-2017-156951,10/1/2017,10/8/2017,Standard Class,EB-13840,Corporate,98105,OFF-PA-10004451,19.44,3,0,9.3312
570,CA-2017-156951,10/1/2017,10/8/2017,Standard Class,EB-13840,Corporate,98105,FUR-CH-10004997,451.152,3,0.2,0
571,CA-2017-164826,12/28/2017,1/4/2018,Standard Class,JF-15415,Consumer,10024,OFF-LA-10001297,72.45,7,0,34.776
572,CA-2017-164826,12/28/2017,1/4/2018,Standard Class,JF-15415,Consumer,10024,OFF-FA-10000585,13.96,4,0,6.4216
573,CA-2017-164826,12/28/2017,1/4/2018,Standard Class,JF-15415,Consumer,10024,OFF-BI-10001922,33.264,7,0.2,11.2266
574,CA-2017-164826,12/28/2017,1/4/2018,Standard Class,JF-15415,Consumer,10024,TEC-PH-10000347,14.85,3,0,4.0095
575,CA-2016-127250,11/3/2016,11/7/2016,Standard Class,SF-20200,Consumer,98270,OFF-AR-10003394,8.82,3,0,2.3814
576,CA-2015-149713,9/18/2015,9/22/2015,Second Class,TG-21640,Consumer,90805,OFF-PA-10004530,160.72,14,0,78.7528
577,CA-2015-149713,9/18/2015,9/22/2015,Second Class,TG-21640,Consumer,90805,OFF-PA-10001450,19.92,4,0,9.7608
578,CA-2015-149713,9/18/2015,9/22/2015,Second Class,TG-21640,Consumer,90805,OFF-SU-10001574,7.3,2,0,2.19
579,CA-2017-118640,7/20/2017,7/26/2017,Standard Class,CS-11950,Consumer,60610,OFF-ST-10002974,69.712,2,0.2,8.714
580,CA-2017-118640,7/20/2017,7/26/2017,Standard Class,CS-11950,Consumer,60610,FUR-FU-10001475,8.792,1,0.6,-5.7148
581,CA-2015-132906,9/10/2015,9/14/2015,Standard Class,CC-12145,Consumer,90004,OFF-SU-10004498,51.52,4,0,1.5456
582,CA-2017-145233,12/1/2017,12/5/2017,Standard Class,DV-13465,Consumer,80219,TEC-PH-10004977,470.376,3,0.2,52.9173
583,CA-2017-145233,12/1/2017,12/5/2017,Standard Class,DV-13465,Consumer,80219,TEC-PH-10000586,105.584,2,0.2,9.2386
584,CA-2017-145233,12/1/2017,12/5/2017,Standard Class,DV-13465,Consumer,80219,OFF-AP-10000358,31.152,3,0.2,3.5046
585,CA-2017-145233,12/1/2017,12/5/2017,Standard Class,DV-13465,Consumer,80219,OFF-BI-10002764,6.783,7,0.7,-4.7481
586,CA-2017-145233,12/1/2017,12/5/2017,Standard Class,DV-13465,Consumer,80219,TEC-PH-10001254,406.368,4,0.2,30.4776
587,CA-2015-128139,7/3/2015,7/9/2015,Standard Class,BD-11725,Consumer,40475,FUR-CH-10003956,70.98,1,0,4.9686
588,CA-2015-128139,7/3/2015,7/9/2015,Standard Class,BD-11725,Consumer,40475,OFF-LA-10003930,294.93,3,0,144.5157
589,US-2016-156986,3/20/2016,3/24/2016,Standard Class,ZC-21910,Consumer,97301,TEC-PH-10003800,84.784,2,0.2,-20.1362
590,US-2016-156986,3/20/2016,3/24/2016,Standard Class,ZC-21910,Consumer,97301,OFF-PA-10002005,20.736,4,0.2,7.2576
591,US-2016-156986,3/20/2016,3/24/2016,Standard Class,ZC-21910,Consumer,97301,OFF-BI-10002498,16.821,3,0.7,-12.8961
592,US-2016-156986,3/20/2016,3/24/2016,Standard Class,ZC-21910,Consumer,97301,OFF-PA-10004101,10.368,2,0.2,3.6288
593,CA-2014-135405,1/9/2014,1/13/2014,Standard Class,MS-17830,Consumer,78041,OFF-AR-10004078,9.344,2,0.2,1.168
594,CA-2014-135405,1/9/2014,1/13/2014,Standard Class,MS-17830,Consumer,78041,TEC-AC-10001266,31.2,3,0.2,9.75
595,CA-2014-131450,8/8/2014,8/15/2014,Standard Class,LR-16915,Consumer,92024,OFF-AP-10004708,76.12,2,0,22.0748
596,CA-2014-131450,8/8/2014,8/15/2014,Standard Class,LR-16915,Consumer,92024,TEC-CO-10004115,1199.976,3,0.2,434.9913
597,CA-2014-131450,8/8/2014,8/15/2014,Standard Class,LR-16915,Consumer,92024,TEC-PH-10002398,445.96,5,0.2,55.745
598,CA-2014-131450,8/8/2014,8/15/2014,Standard Class,LR-16915,Consumer,92024,FUR-FU-10001979,327.76,8,0,91.7728
599,CA-2016-120180,7/14/2016,7/16/2016,First Class,TP-21130,Consumer,19134,OFF-SU-10004115,11.632,2,0.2,1.0178
600,US-2016-100720,7/16/2016,7/21/2016,Standard Class,CK-12205,Consumer,19120,TEC-PH-10001425,143.982,3,0.4,-28.7964
601,US-2016-100720,7/16/2016,7/21/2016,Standard Class,CK-12205,Consumer,19120,TEC-PH-10003963,494.376,4,0.4,-115.3544
602,US-2016-100720,7/16/2016,7/21/2016,Standard Class,CK-12205,Consumer,19120,OFF-SU-10001574,5.84,2,0.2,0.73
603,CA-2014-149958,3/15/2014,3/19/2014,Standard Class,AS-10240,Consumer,33614,OFF-ST-10001490,142.776,1,0.2,17.847
604,CA-2014-149958,3/15/2014,3/19/2014,Standard Class,AS-10240,Consumer,33614,FUR-FU-10001756,45.696,3,0.2,5.1408
605,CA-2014-149958,3/15/2014,3/19/2014,Standard Class,AS-10240,Consumer,33614,OFF-BI-10000773,7.218,3,0.7,-5.5338
606,CA-2014-149958,3/15/2014,3/19/2014,Standard Class,AS-10240,Consumer,33614,OFF-BI-10001543,43.188,4,0.7,-31.6712
607,CA-2014-149958,3/15/2014,3/19/2014,Standard Class,AS-10240,Consumer,33614,OFF-PA-10002120,131.904,3,0.2,47.8152
608,US-2014-105767,5/23/2014,5/27/2014,Standard Class,AR-10510,Consumer,19134,OFF-BI-10000848,3.282,2,0.7,-2.6256
609,US-2014-105767,5/23/2014,5/27/2014,Standard Class,AR-10510,Consumer,19134,OFF-AR-10001246,21.168,9,0.2,2.3814
610,US-2014-105767,5/23/2014,5/27/2014,Standard Class,AR-10510,Consumer,19134,TEC-PH-10003092,55.188,2,0.4,-10.1178
611,CA-2016-161816,4/28/2016,5/1/2016,First Class,NB-18655,Corporate,75217,TEC-PH-10003012,369.576,3,0.2,41.5773
612,CA-2016-161816,4/28/2016,5/1/2016,First Class,NB-18655,Corporate,75217,OFF-LA-10004345,15.712,4,0.2,5.6956
613,CA-2016-121223,9/11/2016,9/13/2016,Second Class,GD-14590,Corporate,19143,OFF-PA-10001204,8.448,2,0.2,2.64
614,CA-2016-121223,9/11/2016,9/13/2016,Second Class,GD-14590,Corporate,19143,TEC-PH-10004667,728.946,9,0.4,-157.9383
615,CA-2017-138611,11/14/2017,11/17/2017,Second Class,CK-12595,Consumer,43123,TEC-PH-10000011,119.94,10,0.4,15.992
616,CA-2017-138611,11/14/2017,11/17/2017,Second Class,CK-12595,Consumer,43123,OFF-BI-10002949,3.648,2,0.7,-2.7968
617,CA-2017-117947,8/18/2017,8/23/2017,Second Class,NG-18355,Corporate,10011,FUR-FU-10003849,40.48,2,0,15.7872
618,CA-2017-117947,8/18/2017,8/23/2017,Second Class,NG-18355,Corporate,10011,FUR-FU-10000010,9.94,2,0,3.0814
619,CA-2017-117947,8/18/2017,8/23/2017,Second Class,NG-18355,Corporate,10011,OFF-BI-10002824,107.424,9,0.2,33.57
620,CA-2017-117947,8/18/2017,8/23/2017,Second Class,NG-18355,Corporate,10011,TEC-PH-10002538,37.91,1,0,10.9939
621,CA-2017-117947,8/18/2017,8/23/2017,Second Class,NG-18355,Corporate,10011,FUR-FU-10000521,88.02,3,0,27.2862
622,US-2014-111171,12/26/2014,12/31/2014,Standard Class,CA-12265,Consumer,60610,OFF-BI-10002103,8.69,5,0.8,-14.773
623,CA-2015-138009,11/29/2015,12/3/2015,Standard Class,SF-20965,Corporate,48126,FUR-CH-10004853,301.96,2,0,87.5684
624,CA-2015-138009,11/29/2015,12/3/2015,Standard Class,SF-20965,Corporate,48126,OFF-AP-10000179,555.21,5,0.1,178.901
625,CA-2015-138009,11/29/2015,12/3/2015,Standard Class,SF-20965,Corporate,48126,OFF-ST-10001272,523.48,4,0,130.87
626,CA-2015-138009,11/29/2015,12/3/2015,Standard Class,SF-20965,Corporate,48126,OFF-AR-10004042,161.82,9,0,46.9278
627,CA-2017-163020,9/15/2017,9/19/2017,Standard Class,MO-17800,Home Office,10009,FUR-FU-10000221,35.56,7,0,12.0904
628,CA-2017-153787,5/19/2017,5/23/2017,Standard Class,AT-10735,Consumer,98115,OFF-AP-10001563,97.16,2,0,28.1764
629,CA-2017-133431,12/17/2017,12/21/2017,Standard Class,LC-17140,Consumer,94122,OFF-BI-10000605,15.24,5,0.2,5.1435
630,CA-2017-133431,12/17/2017,12/21/2017,Standard Class,LC-17140,Consumer,94122,OFF-PA-10002615,13.23,3,0,6.0858
631,US-2016-135720,12/11/2016,12/13/2016,Second Class,FM-14380,Consumer,80013,OFF-ST-10001963,243.384,3,0.2,-51.7191
632,US-2016-135720,12/11/2016,12/13/2016,Second Class,FM-14380,Consumer,80013,TEC-AC-10001267,119.8,5,0.2,29.95
633,US-2016-135720,12/11/2016,12/13/2016,Second Class,FM-14380,Consumer,80013,TEC-PH-10002103,300.768,4,0.2,30.0768
634,CA-2017-144694,9/24/2017,9/26/2017,Second Class,BD-11605,Consumer,33180,TEC-AC-10002857,17.88,3,0.2,2.4585
635,CA-2017-144694,9/24/2017,9/26/2017,Second Class,BD-11605,Consumer,33180,OFF-LA-10003930,235.944,3,0.2,85.5297
636,CA-2015-168004,10/4/2015,10/9/2015,Second Class,DJ-13420,Corporate,31088,FUR-CH-10001482,392.94,3,0,43.2234
637,US-2016-123470,8/15/2016,8/21/2016,Standard Class,ME-17725,Consumer,80013,OFF-BI-10001989,18.882,3,0.7,-13.8468
638,US-2016-123470,8/15/2016,8/21/2016,Standard Class,ME-17725,Consumer,80013,OFF-AP-10003287,122.328,3,0.2,12.2328
639,CA-2016-115917,5/20/2016,5/25/2016,Standard Class,RB-19465,Home Office,94591,FUR-FU-10000576,1049.2,5,0,272.792
640,CA-2016-115917,5/20/2016,5/25/2016,Standard Class,RB-19465,Home Office,94591,OFF-BI-10004728,15.424,4,0.2,5.0128
641,CA-2016-147067,12/18/2016,12/22/2016,Standard Class,JD-16150,Corporate,55407,FUR-FU-10000732,18.84,3,0,6.0288
642,CA-2017-167913,7/30/2017,8/3/2017,Second Class,JL-15835,Consumer,92691,OFF-ST-10000585,330.4,2,0,85.904
643,CA-2017-167913,7/30/2017,8/3/2017,Second Class,JL-15835,Consumer,92691,OFF-LA-10002787,26.25,7,0,12.6
644,CA-2017-106103,6/10/2017,6/15/2017,Standard Class,SC-20305,Consumer,48307,TEC-AC-10003832,132.52,4,0,54.3332
645,US-2017-127719,7/21/2017,7/25/2017,Standard Class,TW-21025,Home Office,7060,OFF-PA-10001934,6.48,1,0,3.1752
646,CA-2017-126221,12/30/2017,1/5/2018,Standard Class,CC-12430,Home Office,47201,OFF-AP-10002457,209.3,2,0,56.511
647,CA-2016-103947,4/1/2016,4/8/2016,Standard Class,BB-10990,Corporate,85635,OFF-FA-10003112,31.56,5,0.2,9.8625
648,CA-2016-103947,4/1/2016,4/8/2016,Standard Class,BB-10990,Corporate,85635,OFF-AP-10002350,30.144,2,0.2,3.0144
649,CA-2016-160745,12/11/2016,12/16/2016,Second Class,AR-10825,Corporate,98661,FUR-FU-10001935,14.8,4,0,6.068
650,CA-2016-160745,12/11/2016,12/16/2016,Second Class,AR-10825,Corporate,98661,TEC-PH-10003273,302.376,3,0.2,22.6782
651,CA-2016-160745,12/11/2016,12/16/2016,Second Class,AR-10825,Corporate,98661,TEC-AC-10001142,316,4,0,31.6
652,CA-2016-132661,10/23/2016,10/29/2016,Standard Class,SR-20740,Home Office,10024,OFF-PA-10000482,379.4,10,0,178.318
653,CA-2017-140844,6/19/2017,6/23/2017,Standard Class,AR-10405,Corporate,10035,OFF-PA-10003892,97.82,2,0,45.9754
654,CA-2017-140844,6/19/2017,6/23/2017,Standard Class,AR-10405,Corporate,10035,TEC-AC-10001101,103.12,8,0,10.312
655,CA-2016-137239,8/22/2016,8/28/2016,Standard Class,CR-12730,Consumer,43229,OFF-AP-10002439,113.552,2,0.2,8.5164
656,CA-2016-137239,8/22/2016,8/28/2016,Standard Class,CR-12730,Consumer,43229,OFF-BI-10002827,3.318,2,0.7,-2.6544
657,CA-2016-137239,8/22/2016,8/28/2016,Standard Class,CR-12730,Consumer,43229,OFF-EN-10002230,134.288,2,0.2,45.3222
658,US-2016-156097,9/19/2016,9/19/2016,Same Day,EH-14125,Home Office,60505,FUR-CH-10001215,701.372,2,0.3,-50.098
659,US-2016-156097,9/19/2016,9/19/2016,Same Day,EH-14125,Home Office,60505,OFF-BI-10004654,2.308,2,0.8,-3.462
660,CA-2015-146563,8/24/2015,8/28/2015,Standard Class,CB-12025,Consumer,76017,OFF-ST-10001490,999.432,7,0.2,124.929
661,CA-2015-146563,8/24/2015,8/28/2015,Standard Class,CB-12025,Consumer,76017,OFF-ST-10001511,724.08,14,0.2,-135.765
662,CA-2015-146563,8/24/2015,8/28/2015,Standard Class,CB-12025,Consumer,76017,FUR-TA-10001768,918.785,5,0.3,-118.1295
663,CA-2015-146563,8/24/2015,8/28/2015,Standard Class,CB-12025,Consumer,76017,OFF-BI-10003981,2.724,3,0.8,-4.2222
664,CA-2016-123666,3/26/2016,3/30/2016,Standard Class,SP-20545,Corporate,10011,OFF-ST-10001522,459.95,5,0,18.398
665,CA-2016-143308,11/4/2016,11/4/2016,Same Day,RC-19825,Consumer,40214,OFF-FA-10000621,10.74,3,0,5.2626
666,CA-2017-132682,6/8/2017,6/10/2017,Second Class,TH-21235,Corporate,75081,OFF-SU-10004231,23.76,3,0.2,2.079
667,CA-2017-132682,6/8/2017,6/10/2017,Second Class,TH-21235,Corporate,75081,OFF-PA-10000474,85.056,3,0.2,28.7064
668,CA-2017-132682,6/8/2017,6/10/2017,Second Class,TH-21235,Corporate,75081,TEC-PH-10004042,381.576,3,0.2,28.6182
669,CA-2014-156314,12/24/2014,12/26/2014,First Class,RP-19390,Consumer,44105,FUR-FU-10003096,30.36,5,0.2,8.7285
670,US-2017-106663,6/9/2017,6/13/2017,Standard Class,MO-17800,Home Office,60653,FUR-FU-10002759,23.976,3,0.6,-14.3856
671,US-2017-106663,6/9/2017,6/13/2017,Standard Class,MO-17800,Home Office,60653,FUR-TA-10000688,108.925,1,0.5,-71.8905
672,US-2017-106663,6/9/2017,6/13/2017,Standard Class,MO-17800,Home Office,60653,OFF-PA-10002377,36.352,8,0.2,11.36
673,CA-2017-111178,6/15/2017,6/22/2017,Standard Class,TD-20995,Consumer,62301,OFF-AR-10001954,19.56,5,0.2,1.7115
674,CA-2017-130351,12/5/2017,12/8/2017,First Class,RB-19570,Consumer,47201,OFF-AP-10004532,61.44,3,0,16.5888
675,CA-2017-130351,12/5/2017,12/8/2017,First Class,RB-19570,Consumer,47201,OFF-PA-10002137,38.9,5,0,17.505
676,CA-2017-130351,12/5/2017,12/8/2017,First Class,RB-19570,Consumer,47201,TEC-AC-10003832,99.39,3,0,40.7499
677,US-2017-119438,3/18/2017,3/23/2017,Standard Class,CD-11980,Consumer,75701,OFF-AP-10000804,2.688,3,0.8,-7.392
678,US-2017-119438,3/18/2017,3/23/2017,Standard Class,CD-11980,Consumer,75701,TEC-AC-10003614,27.816,3,0.2,4.5201
679,US-2017-119438,3/18/2017,3/23/2017,Standard Class,CD-11980,Consumer,75701,FUR-FU-10003553,82.524,3,0.6,-41.262
680,US-2017-119438,3/18/2017,3/23/2017,Standard Class,CD-11980,Consumer,75701,OFF-BI-10004632,182.994,3,0.8,-320.2395
681,CA-2016-164511,11/19/2016,11/24/2016,Standard Class,DJ-13630,Consumer,10024,OFF-BI-10003305,14.352,3,0.2,4.6644
682,CA-2016-164511,11/19/2016,11/24/2016,Standard Class,DJ-13630,Consumer,10024,OFF-ST-10002583,64.96,2,0,2.5984
683,CA-2016-164511,11/19/2016,11/24/2016,Standard Class,DJ-13630,Consumer,10024,OFF-ST-10004507,68.6,4,0,18.522
684,US-2017-168116,11/4/2017,11/4/2017,Same Day,GT-14635,Corporate,27217,TEC-MA-10004125,7999.98,4,0.5,-3839.9904
685,US-2017-168116,11/4/2017,11/4/2017,Same Day,GT-14635,Corporate,27217,OFF-AP-10002457,167.44,2,0.2,14.651
686,CA-2014-157784,7/5/2014,7/8/2014,First Class,MC-17845,Consumer,39212,TEC-AC-10003911,479.97,3,0,163.1898
687,CA-2014-157784,7/5/2014,7/8/2014,First Class,MC-17845,Consumer,39212,OFF-LA-10001934,14.62,2,0,6.8714
688,CA-2014-157784,7/5/2014,7/8/2014,First Class,MC-17845,Consumer,39212,OFF-PA-10000304,19.44,3,0,9.3312
689,CA-2017-161480,12/25/2017,12/29/2017,Standard Class,RA-19285,Consumer,10035,FUR-BO-10004015,191.984,2,0.2,4.7996
690,US-2014-117135,6/21/2014,6/23/2014,Second Class,NP-18325,Consumer,22980,FUR-FU-10004071,104.01,1,0,14.5614
691,US-2014-117135,6/21/2014,6/23/2014,Second Class,NP-18325,Consumer,22980,TEC-PH-10002033,284.82,1,0,74.0532
692,US-2014-117135,6/21/2014,6/23/2014,Second Class,NP-18325,Consumer,22980,OFF-ST-10002444,36.84,3,0,10.3152
693,CA-2015-131534,3/28/2015,4/2/2015,Standard Class,AB-10165,Consumer,90036,TEC-AC-10002253,166.24,1,0,24.936
694,CA-2015-131534,3/28/2015,4/2/2015,Standard Class,AB-10165,Consumer,90036,OFF-PA-10000743,33.4,5,0,16.032
695,CA-2015-119291,5/14/2015,5/17/2015,First Class,JO-15550,Home Office,19013,OFF-AR-10003373,198.272,8,0.2,17.3488
696,CA-2015-119291,5/14/2015,5/17/2015,First Class,JO-15550,Home Office,19013,OFF-LA-10002312,47.36,4,0.2,17.76
697,CA-2015-119291,5/14/2015,5/17/2015,First Class,JO-15550,Home Office,19013,OFF-EN-10000927,200.984,7,0.2,62.8075
698,CA-2015-119291,5/14/2015,5/17/2015,First Class,JO-15550,Home Office,19013,OFF-LA-10003510,97.696,4,0.2,31.7512
699,CA-2015-119291,5/14/2015,5/17/2015,First Class,JO-15550,Home Office,19013,OFF-AR-10001118,2.696,1,0.2,0.8088
